-- phpMyAdmin SQL Dump
-- version 4.6.6
-- https://www.phpmyadmin.net/
--
-- Host: localhost
-- Generation Time: Apr 16, 2017 at 12:59 AM
-- Server version: 10.1.20-MariaDB
-- PHP Version: 7.0.8

SET SQL_MODE = "NO_AUTO_VALUE_ON_ZERO";
SET time_zone = "+00:00";


/*!40101 SET @OLD_CHARACTER_SET_CLIENT=@@CHARACTER_SET_CLIENT */;
/*!40101 SET @OLD_CHARACTER_SET_RESULTS=@@CHARACTER_SET_RESULTS */;
/*!40101 SET @OLD_COLLATION_CONNECTION=@@COLLATION_CONNECTION */;
/*!40101 SET NAMES utf8mb4 */;

--
-- Database: `id1346768_mhhh`
--

-- --------------------------------------------------------

--
-- Table structure for table `bases`
--

CREATE TABLE `bases` (
  `id` int(10) UNSIGNED NOT NULL,
  `name` varchar(255) COLLATE utf8_unicode_ci NOT NULL
) ENGINE=InnoDB DEFAULT CHARSET=utf8 COLLATE=utf8_unicode_ci;

--
-- Dumping data for table `bases`
--

INSERT INTO `bases` (`id`, `name`) VALUES
(17, 'Aqua'),
(32, 'Wooden with Target'),
(368, 'Spellbook'),
(1073, 'Rift'),
(1644, 'Fissure'),
(1914, 'Labyrinth'),
(1915, 'Minotaur'),
(2094, 'Living'),
(2120, 'Attuned Enerchi Induction'),
(2259, '2017 New Year\'s'),
(2270, 'Rooster Jade'),
(2284, 'Sprinkly Sweet Cupcake Birthday');

-- --------------------------------------------------------

--
-- Table structure for table `charms`
--

CREATE TABLE `charms` (
  `id` int(10) UNSIGNED NOT NULL,
  `name` varchar(255) COLLATE utf8_unicode_ci NOT NULL
) ENGINE=InnoDB DEFAULT CHARSET=utf8 COLLATE=utf8_unicode_ci;

--
-- Dumping data for table `charms`
--

INSERT INTO `charms` (`id`, `name`) VALUES
(473, 'Ultimate Luck'),
(501, 'Valentine'),
(534, 'Warpath Archer'),
(538, 'Warpath Scout'),
(539, 'Warpath Warrior'),
(540, 'Super Warpath Archer'),
(587, 'Dark Chocolate'),
(611, 'Artisan'),
(626, 'Derr Power'),
(649, 'Rook Crumble'),
(650, 'Spellbook'),
(851, 'Eggstra'),
(928, 'Ancient'),
(1133, 'Safeguard'),
(1164, 'Eggscavator Charge'),
(1206, 'Supply Schedule'),
(1209, 'Magmatic Crystal'),
(1237, 'Haunted Ultimate Luck'),
(1252, 'Regal'),
(1288, 'Festive Ultimate Luck'),
(1476, 'Super Cactus'),
(1578, 'Super Brain'),
(1648, 'Cherry'),
(1649, 'Gnarled'),
(1714, 'Eggstra Charge'),
(1735, 'Diamond Boost'),
(1736, 'Gemstone Boost'),
(1822, 'Ultimate Ancient'),
(1835, 'Gargantua Guarantee'),
(1982, 'Super Regal'),
(2081, 'Enerchi'),
(2262, '2017');

-- --------------------------------------------------------

--
-- Table structure for table `cheese`
--

CREATE TABLE `cheese` (
  `id` int(10) UNSIGNED NOT NULL,
  `name` varchar(255) COLLATE utf8_unicode_ci NOT NULL
) ENGINE=InnoDB DEFAULT CHARSET=utf8 COLLATE=utf8_unicode_ci;

--
-- Dumping data for table `cheese`
--

INSERT INTO `cheese` (`id`, `name`) VALUES
(79, 'Ancient'),
(81, 'Cheddar'),
(88, 'Gauntlet Tier 3'),
(92, 'Gauntlet Tier 7'),
(96, 'Glutter'),
(98, 'Gouda'),
(105, 'Moon'),
(108, 'Radioactive Blue'),
(110, 'Rumble'),
(114, 'SUPER|brie+'),
(118, 'Vanilla Stilton'),
(119, 'Vengeful Vanilla Stilton'),
(371, 'Checkmate'),
(586, 'Marshmallow Monterey'),
(1009, 'Graveblossom Camembert'),
(1424, 'Brie String'),
(1426, 'Magical String'),
(1529, 'Grilled'),
(1732, 'Gemstone'),
(1733, 'Glowing Gruyere'),
(2080, 'Maki String'),
(2226, 'Crescent'),
(2290, 'Sunrise');

-- --------------------------------------------------------

--
-- Table structure for table `hunts`
--

CREATE TABLE `hunts` (
  `user_id` int(10) UNSIGNED NOT NULL,
  `entry_id` int(10) UNSIGNED NOT NULL,
  `timestamp` int(11) UNSIGNED NOT NULL,
  `trap_id` int(10) UNSIGNED NOT NULL,
  `base_id` int(10) UNSIGNED NOT NULL,
  `charm_id` int(10) UNSIGNED DEFAULT NULL,
  `cheese_id` int(10) UNSIGNED NOT NULL,
  `location_id` int(10) UNSIGNED NOT NULL,
  `shield` tinyint(1) UNSIGNED NOT NULL DEFAULT '0',
  `caught` tinyint(1) UNSIGNED NOT NULL,
  `attracted` tinyint(1) UNSIGNED NOT NULL,
  `mouse_id` int(10) UNSIGNED DEFAULT NULL,
  `stage_id` int(10) UNSIGNED DEFAULT NULL
) ENGINE=InnoDB DEFAULT CHARSET=utf8 COLLATE=utf8_unicode_ci;

--
-- Dumping data for table `hunts`
--

INSERT INTO `hunts` (`user_id`, `entry_id`, `timestamp`, `trap_id`, `base_id`, `charm_id`, `cheese_id`, `location_id`, `shield`, `caught`, `attracted`, `mouse_id`, `stage_id`) VALUES
(53772, 263424, 1491945310, 1813, 1915, 851, 114, 33, 1, 1, 1, 6, NULL),
(53772, 263543, 1491998318, 1285, 2120, 2081, 114, 13, 1, 1, 1, 34, NULL),
(53772, 263904, 1492169548, 1004, 2120, NULL, 114, 14, 1, 1, 1, 86, NULL),
(53772, 263908, 1492170452, 1004, 2120, NULL, 114, 14, 1, 1, 1, 86, NULL),
(53772, 264176, 1492272223, 1004, 1915, NULL, 105, 54, 1, 1, 1, 49, NULL),
(53772, 264179, 1492273130, 1004, 1915, NULL, 105, 54, 1, 1, 1, 40, NULL),
(53772, 264183, 1492274034, 1004, 1915, NULL, 105, 54, 1, 1, 1, 35, NULL),
(53772, 264190, 1492274942, 1004, 1915, NULL, 105, 54, 1, 1, 1, 33, NULL),
(53772, 264194, 1492275865, 1004, 1915, NULL, 105, 54, 1, 1, 1, 27, NULL),
(3573743, 31274, 1492017588, 356, 2259, 1164, 114, 32, 1, 1, 1, 44, NULL),
(3573743, 31276, 1492018511, 356, 2259, 1164, 114, 32, 1, 1, 1, 44, NULL),
(3573743, 31294, 1492027576, 354, 32, 1164, 98, 32, 1, 0, 1, 44, NULL),
(3573743, 31297, 1492028482, 354, 32, 1476, 98, 32, 1, 0, 1, 50, NULL),
(3573743, 31298, 1492029387, 354, 32, 1476, 98, 32, 1, 1, 1, 51, NULL),
(3573743, 31299, 1492030338, 369, 2284, 501, 98, 32, 1, 1, 1, 52, NULL),
(3573743, 31301, 1492031341, 369, 2284, 501, 98, 32, 1, 0, 1, 53, NULL),
(3573743, 31303, 1492032279, 369, 2284, 501, 98, 32, 1, 1, 1, 51, NULL),
(3573743, 31311, 1492038801, 608, 2284, 501, 98, 32, 1, 1, 1, 44, NULL),
(3573743, 31317, 1492039709, 608, 2284, 501, 98, 32, 1, 1, 1, 50, NULL),
(3573743, 31318, 1492040656, 608, 2284, 501, 98, 32, 1, 1, 1, 44, NULL),
(3573743, 31319, 1492041581, 608, 2284, 501, 98, 32, 1, 0, 1, 52, NULL),
(3573743, 31320, 1492042483, 608, 2284, 501, 98, 32, 1, 0, 1, 56, NULL),
(3573743, 31322, 1492043427, 608, 2270, 649, 114, 32, 1, 1, 1, 51, NULL),
(3573743, 31323, 1492044406, 608, 2270, 649, 114, 32, 1, 1, 1, 57, NULL),
(3573743, 31324, 1492045420, 608, 2270, 649, 114, 32, 1, 1, 1, 57, NULL),
(3573743, 31327, 1492046468, 608, 2270, 649, 114, 32, 1, 1, 1, 57, NULL),
(3573743, 31329, 1492048063, 608, 2270, 649, 114, 32, 1, 1, 1, 56, NULL),
(3573743, 31347, 1492049099, 608, 2270, 649, 114, 32, 1, 1, 1, 53, NULL),
(3573743, 31351, 1492050206, 608, 368, 650, 114, 32, 1, 0, 1, 61, NULL),
(3573743, 31352, 1492051151, 608, 368, 650, 114, 32, 1, 0, 1, 53, NULL),
(3573743, 31353, 1492052179, 608, 368, 649, 114, 32, 1, 1, 1, 62, NULL),
(3573743, 31356, 1492053536, 608, 368, 649, 114, 32, 1, 1, 1, 61, NULL),
(3573743, 31357, 1492054439, 608, 368, 1714, 371, 32, 1, 0, 1, 56, NULL),
(3573743, 31359, 1492056563, 608, 368, 1714, 371, 32, 1, 0, 1, 62, NULL),
(3573743, 31363, 1492057467, 608, 368, 1714, 114, 32, 1, 0, 1, 62, NULL),
(3573743, 31365, 1492058371, 608, 368, 649, 114, 32, 1, 1, 1, 57, NULL),
(3573743, 31366, 1492059275, 608, 368, 649, 114, 32, 1, 0, 1, 51, NULL),
(3573743, 31368, 1492060176, 608, 368, 649, 114, 32, 1, 1, 1, 62, NULL),
(3573743, 31371, 1492061120, 608, 368, 1252, 114, 32, 1, 0, 1, 52, NULL),
(3573743, 31372, 1492062059, 608, 368, 473, 114, 32, 1, 1, 1, 57, NULL),
(3573743, 31424, 1492093424, 532, 368, 538, 98, 33, 1, 1, 1, 65, NULL),
(3573743, 31425, 1492094328, 532, 368, 538, 98, 33, 1, 1, 1, 65, NULL),
(3573743, 31427, 1492095233, 532, 368, 538, 98, 33, 1, 1, 1, 65, NULL),
(3573743, 31428, 1492096298, 532, 368, 538, 114, 33, 1, 1, 1, 65, NULL),
(3573743, 31431, 1492097267, 532, 368, 538, 114, 33, 1, 0, 1, 66, NULL),
(3573743, 31432, 1492098169, 532, 368, 538, 98, 33, 1, 0, 1, 65, NULL),
(3573743, 31433, 1492099075, 532, 368, 538, 98, 33, 1, 1, 1, 65, NULL),
(3573743, 31434, 1492099981, 532, 368, 538, 98, 33, 1, 1, 1, 65, NULL),
(3573743, 31437, 1492100893, 532, 368, 538, 98, 33, 1, 0, 1, 65, NULL),
(3573743, 31439, 1492103538, 532, 368, 539, 98, 33, 1, 1, 1, 70, NULL),
(3573743, 31444, 1492106253, 532, 368, 539, 98, 33, 1, 1, 1, 70, NULL),
(3573743, 31448, 1492108064, 532, 368, 539, 98, 33, 1, 1, 1, 70, NULL),
(3573743, 31449, 1492108969, 532, 368, 539, 98, 33, 1, 1, 1, 70, NULL),
(3573743, 31450, 1492109875, 532, 368, 539, 98, 33, 1, 0, 0, NULL, NULL),
(3573743, 31454, 1492112604, 532, 368, 539, 98, 33, 1, 0, 0, NULL, NULL),
(3573743, 31455, 1492113511, 532, 368, 539, 98, 33, 1, 1, 1, 70, NULL),
(3573743, 31456, 1492114419, 532, 368, 539, 98, 33, 1, 1, 1, 70, NULL),
(3573743, 31459, 1492115333, 532, 368, 539, 114, 33, 1, 1, 1, 70, NULL),
(3573743, 31460, 1492116237, 532, 368, NULL, 114, 33, 1, 1, 1, 70, NULL),
(3573743, 31462, 1492117144, 532, 368, NULL, 114, 33, 1, 1, 1, 74, NULL),
(3573743, 31466, 1492118065, 532, 368, NULL, 114, 33, 1, 1, 1, 70, NULL),
(3573743, 31468, 1492119059, 532, 368, NULL, 98, 33, 1, 1, 1, 70, NULL),
(3573743, 31469, 1492119961, 532, 368, NULL, 98, 33, 1, 1, 1, 70, NULL),
(3573743, 31471, 1492120864, 532, 368, NULL, 114, 33, 1, 1, 1, 70, NULL),
(3573743, 31474, 1492121769, 532, 368, NULL, 98, 33, 1, 0, 1, 75, NULL),
(3573743, 31475, 1492122677, 532, 368, NULL, 98, 33, 1, 0, 0, NULL, NULL),
(3573743, 31477, 1492124641, 532, 368, NULL, 98, 33, 1, 1, 1, 76, NULL),
(3573743, 31480, 1492125716, 532, 368, NULL, 98, 33, 1, 1, 1, 76, NULL),
(3573743, 31481, 1492127128, 532, 368, NULL, 114, 33, 1, 1, 1, 76, NULL),
(3573743, 31484, 1492129071, 532, 368, NULL, 114, 33, 1, 1, 1, 76, NULL),
(3573743, 31485, 1492130378, 56, 368, NULL, 114, 33, 1, 1, 1, 66, NULL),
(3573743, 31487, 1492131281, 532, 368, NULL, 114, 33, 1, 0, 1, 76, NULL),
(3573743, 31505, 1492133661, 532, 368, NULL, 98, 33, 1, 1, 1, 76, NULL),
(3573743, 31506, 1492134566, 532, 368, NULL, 114, 33, 1, 0, 1, 76, NULL),
(3573743, 31516, 1492139654, 2224, 2094, NULL, 1009, 41, 1, 1, 1, 77, NULL),
(3573743, 31519, 1492140578, 2224, 2094, NULL, 1009, 41, 1, 1, 1, 78, NULL),
(3573743, 31521, 1492141483, 2224, 2094, NULL, 1009, 41, 1, 1, 1, 79, NULL),
(3573743, 31525, 1492142389, 2224, 2094, NULL, 1009, 41, 1, 1, 1, 80, NULL),
(3573743, 31526, 1492143297, 2224, 2094, NULL, 1009, 41, 1, 1, 1, 81, NULL),
(3573743, 31531, 1492144213, 2224, 2094, NULL, 1009, 41, 1, 1, 1, 77, NULL),
(3573743, 31532, 1492145158, 2224, 2094, NULL, 1009, 41, 1, 0, 1, 80, NULL),
(3573743, 31535, 1492146597, 2224, 2094, NULL, 1009, 41, 1, 1, 1, 82, NULL),
(3573743, 31541, 1492148404, 532, 2270, NULL, 114, 36, 1, 1, 1, 83, NULL),
(3573743, 31542, 1492149310, 532, 2270, NULL, 114, 36, 1, 1, 1, 84, NULL),
(3573743, 31544, 1492150214, 532, 368, NULL, 114, 36, 1, 0, 1, 84, NULL),
(3573743, 31547, 1492151119, 532, 368, NULL, 114, 36, 1, 0, 1, 85, NULL),
(3573743, 31559, 1492172356, 532, 368, NULL, 114, 36, 1, 1, 1, 84, NULL),
(3573743, 31565, 1492173302, 608, 368, NULL, 114, 36, 1, 1, 1, 83, NULL),
(3573743, 31568, 1492175473, 608, 368, NULL, 114, 36, 1, 1, 1, 83, NULL),
(3573743, 31574, 1492178246, 608, 2259, NULL, 88, 15, 1, 1, 1, 87, NULL),
(3573743, 31575, 1492179149, 608, 2259, NULL, 88, 15, 1, 1, 1, 88, NULL),
(3573743, 31581, 1492182004, 2049, 2259, NULL, 92, 15, 1, 1, 1, 89, NULL),
(3573743, 31584, 1492183833, 608, 2270, NULL, 88, 15, 1, 1, 1, 87, NULL),
(3573743, 31586, 1492184736, 608, 2270, NULL, 88, 15, 1, 1, 1, 90, NULL),
(3573743, 31592, 1492185644, 2224, 2270, NULL, 79, 1, 1, 1, 1, 91, NULL),
(3573743, 31597, 1492186547, 1423, 2270, NULL, 1426, 49, 1, 0, 1, 92, NULL),
(3573743, 31605, 1492187450, 1423, 368, NULL, 1426, 49, 1, 1, 1, 93, NULL),
(3573743, 31607, 1492188361, 1423, 2270, NULL, 1426, 49, 1, 1, 1, 92, NULL),
(3573743, 31610, 1492189266, 1423, 2270, NULL, 1426, 49, 1, 1, 1, 94, NULL),
(3573743, 31615, 1492190218, 1423, 2270, NULL, 1426, 49, 1, 1, 1, 95, NULL),
(3573743, 31620, 1492191172, 608, 2259, NULL, 110, 23, 1, 1, 1, 96, NULL),
(3573743, 31622, 1492192078, 608, 2259, NULL, 110, 23, 1, 0, 1, 96, NULL),
(3573743, 31623, 1492193004, 608, 2259, NULL, 110, 23, 1, 0, 1, 96, NULL),
(3573743, 31626, 1492193986, 608, 2270, NULL, 110, 23, 1, 1, 1, 96, NULL),
(3573743, 31628, 1492194933, 608, 2270, NULL, 110, 23, 1, 1, 1, 96, NULL),
(3573743, 31629, 1492195879, 608, 2270, NULL, 110, 23, 1, 1, 1, 96, NULL),
(3573743, 31641, 1492201458, 608, 368, NULL, 88, 15, 1, 1, 1, 87, NULL),
(3573743, 31642, 1492202362, 608, 368, NULL, 88, 15, 1, 1, 1, 90, NULL),
(3573743, 31645, 1492203265, 608, 368, NULL, 88, 15, 1, 1, 1, 97, NULL),
(3573743, 31652, 1492204172, 608, 368, NULL, 88, 15, 1, 1, 1, 90, NULL),
(3573743, 31658, 1492206067, 608, 368, NULL, 88, 15, 1, 1, 1, 90, NULL),
(3573743, 31661, 1492206971, 532, 368, NULL, 586, 15, 1, 1, 1, 17, NULL),
(3573743, 31664, 1492207873, 532, 368, NULL, 586, 15, 1, 1, 1, 99, NULL),
(3573743, 31667, 1492208776, 532, 368, NULL, 586, 15, 1, 1, 1, 100, NULL),
(3573743, 31668, 1492209681, 532, 368, NULL, 586, 15, 1, 1, 1, 102, NULL),
(3573743, 31670, 1492210584, 532, 368, NULL, 586, 15, 1, 1, 1, 17, NULL),
(3573743, 31675, 1492211487, 532, 368, NULL, 98, 34, 1, 1, 1, 103, NULL),
(3573743, 31677, 1492212390, 532, 368, NULL, 114, 34, 1, 1, 1, 105, NULL),
(3573743, 31678, 1492213385, 532, 368, NULL, 114, 34, 1, 0, 1, 107, NULL),
(3573743, 31679, 1492214289, 532, 368, NULL, 114, 34, 1, 0, 1, 103, NULL),
(3573743, 31680, 1492215194, 532, 368, NULL, 114, 34, 1, 1, 1, 109, NULL),
(3573743, 31683, 1492218407, 532, 368, NULL, 114, 34, 1, 1, 1, 103, NULL),
(3573743, 31685, 1492219315, 532, 368, NULL, 114, 34, 1, 1, 1, 103, NULL),
(3573743, 31702, 1492220218, 532, 368, NULL, 114, 34, 1, 0, 1, 109, NULL),
(3573743, 31706, 1492221124, 2246, 2270, NULL, 119, 2, 1, 1, 1, 113, 4),
(3573743, 31707, 1492222466, 2246, 2270, NULL, 119, 2, 1, 1, 1, 114, 4),
(3573743, 31710, 1492223631, 2246, 2270, NULL, 119, 2, 1, 1, 1, 115, 4),
(3573743, 31712, 1492224861, 2246, 2270, NULL, 119, 2, 1, 1, 1, 114, 4),
(3573743, 31715, 1492225854, 2246, 2270, NULL, 119, 2, 1, 1, 1, 117, 4),
(3573743, 31719, 1492226799, 2246, 2270, NULL, 119, 2, 1, 1, 1, 117, 4),
(3573743, 31721, 1492227751, 608, 2270, NULL, 96, 19, 1, 0, 1, 119, NULL),
(3573743, 31729, 1492229806, 608, 2270, NULL, 96, 19, 1, 1, 1, 119, NULL),
(3573743, 31731, 1492231160, 2225, 2270, NULL, 108, 21, 1, 1, 1, 123, NULL),
(3573743, 31733, 1492232163, 2225, 2270, NULL, 108, 21, 1, 1, 1, 125, NULL),
(3573743, 31734, 1492233277, 2225, 2270, NULL, 108, 21, 1, 1, 1, 125, NULL),
(3573743, 31737, 1492234473, 2225, 2270, NULL, 108, 21, 1, 1, 1, 125, NULL),
(3573743, 31738, 1492235387, 2225, 2270, NULL, 108, 21, 1, 1, 1, 125, NULL),
(3573743, 31739, 1492236371, 2225, 2270, NULL, 108, 21, 1, 1, 1, 123, NULL),
(3573743, 31743, 1492237280, 532, 2270, NULL, 108, 16, 1, 1, 1, 127, NULL),
(3573743, 31774, 1492269585, 532, 2270, NULL, 98, 7, 1, 1, 1, 131, NULL),
(3573743, 31775, 1492270490, 532, 2270, NULL, 114, 7, 1, 1, 1, 132, NULL),
(3573743, 31777, 1492271394, 532, 2270, NULL, 114, 7, 1, 1, 1, 133, NULL),
(3573743, 31781, 1492272297, 2247, 2270, NULL, 114, 26, 1, 1, 1, 134, NULL),
(3573743, 31784, 1492273203, 532, 2270, NULL, 114, 7, 1, 1, 1, 136, NULL),
(3573743, 31788, 1492274529, 895, 2270, NULL, 114, 26, 1, 1, 1, 138, NULL),
(3573743, 31790, 1492275515, 895, 2270, NULL, 114, 26, 1, 1, 1, 139, NULL),
(3573743, 31792, 1492276532, 895, 2270, NULL, 114, 26, 1, 1, 1, 139, NULL),
(3573743, 31794, 1492277563, 895, 2270, NULL, 114, 26, 1, 1, 1, 134, NULL),
(3573743, 31811, 1492283157, 2247, 17, NULL, 586, 26, 1, 1, 1, 23, NULL),
(3573743, 31813, 1492284060, 2247, 17, NULL, 114, 26, 1, 1, 1, 140, NULL),
(3573743, 31828, 1492296856, 2247, 17, NULL, 114, 26, 1, 1, 1, 42, NULL),
(3573743, 31834, 1492298852, 2247, 17, NULL, 114, 26, 1, 1, 1, 45, NULL),
(3573743, 31835, 1492299781, 2247, 17, NULL, 114, 26, 1, 1, 1, 142, NULL),
(3573743, 31841, 1492301624, 2247, 17, NULL, 114, 26, 1, 1, 1, 138, NULL),
(3573743, 31844, 1492302545, 2247, 17, NULL, 114, 26, 1, 1, 1, 138, NULL),
(4839553, 166579, 1491941664, 1918, 1915, 1736, 1732, 50, 1, 1, 1, 1, NULL),
(4839553, 166584, 1491943518, 2137, 1915, 1714, 98, 54, 1, 1, 1, 5, NULL),
(4839553, 166589, 1491947267, 2137, 1915, 851, 114, 54, 1, 1, 1, 5, NULL),
(4839553, 166594, 1491948229, 1833, 1915, 851, 114, 38, 1, 1, 1, 7, NULL),
(4839553, 166605, 1491950159, 1833, 1915, 851, 98, 38, 1, 1, 1, 8, NULL),
(4839553, 166606, 1491951069, 1833, 1915, 851, 98, 38, 1, 1, 1, 9, NULL),
(4839553, 166611, 1491952466, 1833, 1915, 851, 98, 38, 1, 1, 1, 11, NULL),
(4839553, 166613, 1491953562, 1515, 1915, 851, 98, 26, 1, 1, 1, 12, NULL),
(4839553, 166614, 1491954469, 1515, 1915, 851, 98, 26, 1, 1, 1, 12, NULL),
(4839553, 166619, 1491955380, 1918, 1915, 1714, 586, 8, 1, 1, 1, 14, NULL),
(4839553, 166620, 1491956333, 1918, 1915, 1714, 586, 8, 1, 1, 1, 16, NULL),
(4839553, 166621, 1491957239, 1918, 1915, 1714, 586, 8, 1, 1, 1, 17, NULL),
(4839553, 166624, 1491958144, 2095, 2120, 1714, 1424, 53, 1, 0, 1, 18, NULL),
(4839553, 166632, 1491959402, 1833, 1915, NULL, 586, 12, 1, 1, 1, 19, NULL),
(4839553, 166633, 1491960310, 1833, 1915, 1164, 586, 12, 1, 1, 1, 20, NULL),
(4839553, 166636, 1491961246, 1515, 1915, 1164, 586, 26, 1, 1, 1, 21, NULL),
(4839553, 166640, 1491962224, 1515, 1915, 1164, 586, 26, 1, 1, 1, 22, NULL),
(4839553, 166642, 1491963133, 1515, 1915, 1164, 586, 26, 1, 1, 1, 23, NULL),
(4839553, 166643, 1491964094, 1515, 1915, 1164, 586, 26, 1, 1, 1, 19, NULL),
(4839553, 166646, 1491966985, 1515, 1915, 1164, 586, 26, 1, 1, 1, 17, NULL),
(4839553, 166647, 1491967896, 1515, 1915, 1164, 586, 26, 1, 1, 1, 19, NULL),
(4839553, 166654, 1491968822, 1515, 1915, 1164, 586, 26, 1, 1, 1, 24, NULL),
(4839553, 166656, 1491969732, 1515, 1915, 1164, 586, 26, 1, 1, 1, 17, NULL),
(4839553, 166657, 1491970636, 1515, 1915, 1164, 586, 26, 1, 1, 1, 16, NULL),
(4839553, 166713, 1491972833, 1004, 1915, 1164, 118, 14, 1, 1, 1, 28, NULL),
(4839553, 166720, 1491973738, 2095, 2120, 1164, 2080, 53, 1, 1, 1, 29, NULL),
(4839553, 166722, 1491974675, 2095, 2120, 2081, 2080, 53, 1, 1, 1, 30, NULL),
(4839553, 166725, 1491975600, 2095, 2120, 2081, 2080, 53, 1, 1, 1, 30, NULL),
(4839553, 166763, 1492009261, 1918, 1915, 1164, 1529, 30, 1, 1, 1, 36, NULL),
(4839553, 166765, 1492010365, 1515, 1915, 1164, 98, 13, 1, 1, 1, 38, NULL),
(4839553, 166771, 1492015094, 1515, 1915, 1164, 586, 26, 1, 1, 1, 17, NULL),
(4839553, 166774, 1492016242, 1515, 1915, 1164, 98, 26, 1, 1, 1, 42, NULL),
(4839553, 166776, 1492018096, 1515, 1915, 1164, 98, 26, 1, 1, 1, 45, NULL),
(4839553, 167155, 1492203179, 609, 1915, NULL, 98, 33, 1, 1, 1, 76, NULL),
(4839553, 167157, 1492204251, 609, 1915, NULL, 98, 33, 1, 1, 1, 76, NULL),
(4839553, 167159, 1492206668, 609, 1915, NULL, 98, 33, 1, 0, 1, 76, NULL),
(4839553, 167161, 1492207583, 609, 1915, NULL, 98, 33, 1, 1, 1, 75, NULL),
(4839553, 167163, 1492208495, 609, 1915, NULL, 98, 33, 1, 1, 1, 75, NULL),
(4839553, 167165, 1492209428, 609, 1915, NULL, 98, 33, 1, 1, 1, 75, NULL),
(4839553, 167167, 1492210426, 609, 1915, NULL, 98, 33, 1, 1, 1, 74, NULL),
(4839553, 167170, 1492211334, 609, 1915, NULL, 98, 33, 1, 1, 1, 75, NULL),
(4839553, 167173, 1492212240, 609, 1915, NULL, 98, 33, 1, 1, 1, 75, NULL),
(4839553, 167174, 1492213148, 609, 1915, NULL, 98, 33, 1, 1, 1, 106, NULL),
(4839553, 167175, 1492214142, 609, 1915, NULL, 98, 33, 1, 1, 1, 76, NULL),
(4839553, 167177, 1492215049, 609, 1915, NULL, 98, 33, 1, 1, 1, 76, NULL),
(4839553, 167179, 1492216870, 609, 1915, NULL, 98, 33, 1, 1, 1, 75, NULL),
(4839553, 167180, 1492217777, 609, 1915, NULL, 98, 33, 1, 1, 1, 110, NULL),
(4839553, 167185, 1492218842, 609, 1915, NULL, 98, 33, 1, 0, 1, 75, NULL),
(4839553, 167187, 1492220034, 1515, 1915, NULL, 586, 26, 1, 1, 1, 17, NULL),
(4839553, 167188, 1492220940, 1515, 1915, NULL, 586, 26, 1, 1, 1, 112, NULL),
(4839553, 167192, 1492221867, 609, 1915, NULL, 98, 33, 1, 1, 1, 110, NULL),
(4839553, 167194, 1492223685, 1833, 1915, NULL, 98, 33, 1, 1, 1, 76, NULL),
(4839553, 167195, 1492225078, 1833, 1915, NULL, 98, 33, 1, 1, 1, 110, NULL),
(4839553, 167197, 1492225985, 609, 1915, NULL, 98, 33, 1, 1, 1, 76, NULL),
(4839553, 167198, 1492226893, 609, 1915, NULL, 98, 33, 1, 1, 1, 76, NULL),
(4839553, 167200, 1492227809, 609, 1915, NULL, 98, 33, 1, 1, 1, 76, NULL),
(4839553, 167202, 1492228716, 609, 1915, NULL, 98, 33, 1, 1, 1, 74, 6),
(4839553, 167220, 1492234353, 609, 1915, NULL, 98, 33, 1, 0, 0, NULL, 6),
(4839553, 167224, 1492236786, 609, 1915, NULL, 98, 33, 1, 1, 1, 76, 6),
(4839553, 167226, 1492237833, 609, 1915, NULL, 98, 33, 1, 1, 1, 76, 6),
(4839553, 167228, 1492239541, 609, 1915, NULL, 98, 33, 1, 1, 1, 76, 6),
(4839553, 167231, 1492243155, 609, 1915, NULL, 98, 33, 1, 1, 1, 76, 6),
(4839553, 167233, 1492246062, 609, 1915, NULL, 98, 33, 1, 1, 1, 76, 6),
(4839553, 167235, 1492249690, 609, 1915, NULL, 98, 33, 1, 1, 1, 110, 6),
(4839553, 167244, 1492259913, 609, 1915, NULL, 98, 33, 1, 1, 1, 110, 6),
(4839553, 167246, 1492261212, 609, 1915, NULL, 98, 33, 1, 0, 1, 110, 6),
(4839553, 167247, 1492262965, 609, 1915, NULL, 98, 33, 1, 1, 1, 110, 6),
(4839553, 167254, 1492267839, 609, 1915, NULL, 98, 33, 1, 1, 1, 74, 6),
(5277495, 1214, 1492006954, 1515, 1073, 851, 586, 26, 1, 1, 1, 17, NULL),
(5277495, 1222, 1492007866, 1515, 1073, 851, 586, 26, 1, 1, 1, 23, NULL),
(5277495, 1223, 1492008769, 1515, 1073, 851, 586, 26, 1, 1, 1, 21, NULL),
(5277495, 1227, 1492009696, 1515, 1073, 851, 114, 18, 1, 1, 1, 37, NULL),
(5277495, 1228, 1492010704, 1515, 1073, 851, 114, 18, 1, 1, 1, 39, NULL),
(5277495, 1234, 1492011699, 1515, 1073, 851, 98, 13, 1, 1, 1, 11, NULL),
(5277495, 1237, 1492012618, 2225, 1073, 851, 2226, 54, 1, 1, 1, 26, NULL),
(5277495, 1747, 1492225800, 2135, 1073, NULL, 79, 11, 1, 1, 1, 116, NULL),
(5277495, 1756, 1492228583, 2135, 1073, NULL, 79, 11, 1, 1, 1, 120, NULL),
(5277495, 1761, 1492229483, 2299, 1073, NULL, 114, 44, 1, 1, 1, 121, NULL),
(5277495, 1766, 1492230704, 2299, 1073, NULL, 114, 44, 1, 1, 1, 122, NULL),
(5277495, 1768, 1492231647, 2299, 1073, NULL, 114, 44, 1, 1, 1, 124, NULL),
(5277495, 1769, 1492232549, 2299, 1073, NULL, 114, 44, 1, 1, 1, 126, NULL),
(5277495, 1773, 1492234440, 2299, 1073, NULL, 114, 44, 1, 1, 1, 126, NULL),
(5277495, 1832, 1492262554, 2299, 1073, NULL, 114, 44, 1, 1, 1, 128, NULL),
(5277495, 1843, 1492264374, 2299, 1073, NULL, 114, 44, 1, 1, 1, 128, NULL),
(5277495, 1844, 1492265278, 2299, 1073, NULL, 114, 44, 1, 1, 1, 128, NULL),
(5277495, 1845, 1492266183, 2299, 1073, NULL, 114, 44, 1, 1, 1, 129, NULL),
(5277495, 1849, 1492267091, 2299, 1073, NULL, 114, 44, 1, 1, 1, 130, NULL),
(5277495, 1887, 1492303707, 1549, 1073, NULL, 1426, 49, 1, 1, 1, 143, NULL),
(6784428, 151538, 1491936772, 1916, 1644, 1735, 1732, 50, 1, 1, 1, 1, NULL),
(6784428, 151540, 1491937682, 1916, 1644, 1735, 1732, 50, 1, 0, 1, 2, NULL),
(6784428, 151543, 1491938594, 1916, 1644, 1735, 1732, 50, 1, 1, 1, 1, NULL),
(6784428, 151544, 1491939496, 1916, 1644, 1735, 1732, 50, 1, 0, 1, 2, NULL),
(6784428, 151550, 1491942312, 1916, 1644, 1735, 1732, 50, 1, 1, 1, 3, NULL),
(6784428, 151555, 1491945107, 1916, 1644, 1735, 1732, 50, 1, 0, 1, 2, NULL),
(6784428, 151557, 1491946051, 1916, 1644, 1735, 1732, 50, 1, 1, 1, 1, NULL),
(6784428, 151558, 1491946955, 1916, 1644, 1735, 1732, 50, 1, 1, 1, 3, NULL),
(6784428, 151561, 1491947856, 1916, 1644, 1735, 1732, 50, 1, 1, 1, 1, NULL),
(6784428, 151564, 1491948767, 1916, 1644, 1735, 1732, 50, 1, 1, 1, 1, NULL),
(6784428, 151569, 1491950642, 2137, 1644, NULL, 98, 54, 1, 0, 0, NULL, NULL),
(6784428, 151571, 1491951549, 2137, 1644, NULL, 98, 54, 1, 1, 1, 10, NULL),
(6784428, 151583, 1491956276, 1004, 1644, NULL, 2226, 54, 1, 1, 1, 15, NULL),
(6784428, 151630, 1491970655, 1004, 1644, NULL, 2226, 54, 1, 1, 1, 26, NULL),
(6784428, 151632, 1491971564, 1004, 1644, NULL, 2226, 54, 1, 1, 1, 27, NULL),
(6784428, 151637, 1491973376, 1004, 1644, NULL, 2226, 54, 1, 1, 1, 15, NULL),
(6784428, 151656, 1491996664, 1004, 1644, NULL, 2226, 54, 1, 1, 1, 33, NULL),
(6784428, 151664, 1492000423, 1004, 1644, NULL, 2226, 54, 1, 1, 1, 35, NULL),
(6784428, 151671, 1492002235, 1004, 1644, NULL, 2226, 54, 1, 0, 0, NULL, NULL),
(6784428, 151679, 1492005008, 1004, 1644, NULL, 2226, 54, 1, 1, 1, 15, NULL),
(6784428, 151686, 1492007784, 1004, 1644, NULL, 2226, 54, 1, 1, 1, 15, NULL),
(6784428, 151690, 1492008687, 1004, 1644, NULL, 98, 54, 1, 1, 1, 15, NULL),
(6784428, 151692, 1492009594, 1004, 1644, NULL, 98, 54, 1, 1, 1, 26, NULL),
(6784428, 151693, 1492010507, 1004, 1644, NULL, 81, 54, 1, 0, 0, NULL, NULL),
(6784428, 151695, 1492011410, 1004, 1644, NULL, 2226, 54, 1, 1, 1, 40, NULL),
(6784428, 151704, 1492012324, 1004, 1644, NULL, 2226, 54, 1, 1, 1, 41, NULL),
(6784428, 151717, 1492015359, 1005, 1644, NULL, 2226, 54, 1, 1, 1, 33, NULL),
(6784428, 151727, 1492016293, 1005, 1644, NULL, 2226, 54, 1, 1, 1, 26, NULL),
(6784428, 151732, 1492017201, 1005, 1644, NULL, 2226, 54, 1, 1, 1, 43, NULL),
(6784428, 151736, 1492018108, 1005, 1644, NULL, 2226, 54, 1, 0, 1, 46, NULL),
(6784428, 151750, 1492020152, 1005, 1644, NULL, 2226, 54, 1, 0, 1, 47, NULL),
(6784428, 151755, 1492021063, 1005, 1644, NULL, 2226, 54, 1, 1, 1, 48, NULL),
(6784428, 151759, 1492021977, 1005, 1644, NULL, 2226, 54, 1, 1, 1, 47, NULL),
(6784428, 151767, 1492022945, 1005, 1644, NULL, 2226, 54, 1, 1, 1, 26, NULL),
(6784428, 151793, 1492027671, 1005, 1644, NULL, 2226, 54, 1, 0, 1, 49, NULL),
(6784428, 151798, 1492028584, 1005, 1644, NULL, 2226, 54, 1, 0, 0, NULL, NULL),
(6784428, 151803, 1492029503, 1005, 1644, NULL, 2226, 54, 1, 1, 1, 48, NULL),
(6784428, 151813, 1492030408, 1005, 1644, NULL, 2226, 54, 1, 1, 1, 49, NULL),
(6784428, 151826, 1492033317, 1005, 1644, NULL, 2226, 54, 1, 0, 1, 49, NULL),
(6784428, 151839, 1492035232, 1005, 1644, NULL, 2226, 54, 1, 1, 1, 49, NULL),
(6784428, 151843, 1492036140, 1005, 1644, NULL, 2226, 54, 1, 1, 1, 48, NULL),
(6784428, 151851, 1492037160, 1005, 1644, NULL, 2226, 54, 1, 1, 1, 48, NULL),
(6784428, 151855, 1492038069, 1005, 1644, NULL, 2226, 54, 1, 1, 1, 48, NULL),
(6784428, 151859, 1492038976, 1005, 1644, NULL, 2226, 54, 1, 1, 1, 48, NULL),
(6784428, 151864, 1492039884, 1005, 1644, 1476, 2226, 54, 1, 1, 1, 54, NULL),
(6784428, 151868, 1492040795, 1005, 1644, 1476, 2226, 54, 1, 1, 1, 55, NULL),
(6784428, 151878, 1492043715, 1005, 1644, 1476, 2226, 54, 1, 1, 1, 55, NULL),
(6784428, 151883, 1492044631, 1005, 1644, 1476, 2226, 54, 1, 1, 1, 54, NULL),
(6784428, 151886, 1492045538, 1005, 1644, 1476, 2290, 54, 1, 0, 1, 58, NULL),
(6784428, 151888, 1492046446, 1005, 1644, 1822, 2290, 54, 1, 0, 1, 58, NULL),
(6784428, 151890, 1492047363, 1005, 1644, 1822, 2290, 54, 1, 0, 1, 58, NULL),
(6784428, 151898, 1492049277, 1916, 1644, 1164, 1733, 51, 1, 0, 1, 59, NULL),
(6784428, 151915, 1492050183, 1916, 1644, 1164, 1733, 51, 1, 1, 1, 60, NULL),
(6784428, 151920, 1492051090, 1916, 1644, 1164, 1733, 51, 1, 0, 1, 59, NULL),
(6784428, 151924, 1492052017, 1916, 1644, 1164, 1733, 51, 1, 0, 1, 60, NULL),
(6784428, 151926, 1492052925, 1916, 1644, 1164, 1733, 51, 1, 1, 1, 63, NULL),
(6784428, 151929, 1492053853, 1916, 1644, 1164, 1733, 51, 1, 0, 1, 60, NULL),
(6784428, 151931, 1492054759, 1916, 1644, 1164, 1733, 51, 1, 0, 1, 60, NULL),
(6784428, 151935, 1492055671, 1916, 1644, 1164, 1733, 51, 1, 1, 1, 60, NULL),
(6784428, 151940, 1492056573, 1916, 1644, 1164, 1733, 51, 1, 1, 1, 60, NULL),
(6784428, 151944, 1492057479, 1916, 1644, 1164, 1733, 51, 1, 1, 1, 60, NULL),
(6784428, 151948, 1492058387, 1916, 1644, 1164, 1733, 51, 1, 1, 1, 64, NULL),
(6784428, 151952, 1492059299, 1916, 1644, 1164, 1733, 51, 1, 0, 1, 59, NULL),
(6784428, 151954, 1492060225, 1916, 1644, 1164, 1733, 51, 1, 0, 1, 60, NULL),
(6784428, 151994, 1492095664, 1916, 1644, 1164, 1733, 51, 1, 0, 1, 60, NULL),
(6784428, 151996, 1492096994, 1916, 1644, 1164, 1733, 51, 1, 1, 1, 59, NULL),
(6784428, 151999, 1492097903, 1916, 1644, 1164, 1733, 51, 1, 0, 1, 67, NULL),
(6784428, 152003, 1492098813, 1916, 1644, 1164, 1733, 51, 1, 0, 1, 60, NULL),
(6784428, 152050, 1492114068, 1916, 1914, 1164, 1733, 52, 1, 0, 1, 72, 1),
(6784428, 152054, 1492115947, 1916, 1914, NULL, 1733, 52, 1, 1, 1, 72, 1),
(6784428, 152107, 1492130887, 1916, 1914, NULL, 1733, 52, 1, 0, 1, 69, 1),
(6784428, 152109, 1492131798, 1916, 1914, NULL, 1733, 52, 1, 1, 1, 32, 1),
(6784428, 152111, 1492132736, 1916, 1914, NULL, 1733, 52, 1, 1, 1, 71, 1),
(6784428, 152118, 1492134638, 1916, 1914, NULL, 1733, 52, 1, 0, 1, 68, 1),
(6784428, 152120, 1492135545, 1916, 1914, NULL, 1733, 52, 1, 1, 1, 71, 1),
(6784428, 152122, 1492136451, 1916, 1914, NULL, 1733, 52, 1, 1, 1, 68, 1),
(6784428, 152125, 1492137362, 1916, 1914, NULL, 1733, 52, 1, 1, 1, 32, 1),
(6784428, 152129, 1492138268, 1916, 1914, NULL, 1733, 52, 1, 1, 1, 69, 1),
(6784428, 152132, 1492139189, 1916, 1914, NULL, 1733, 52, 1, 0, 1, 68, 1),
(6784428, 152134, 1492140100, 1916, 1914, NULL, 1733, 52, 1, 0, 1, 72, 1),
(6784428, 152136, 1492141006, 1916, 1914, NULL, 1733, 52, 1, 0, 1, 32, 1),
(6784428, 152139, 1492141914, 1916, 1914, NULL, 1733, 52, 1, 1, 1, 72, 1),
(6784428, 152180, 1492186541, 1916, 1914, NULL, 1733, 52, 1, 1, 1, 32, 1),
(6784428, 152182, 1492187463, 1916, 1914, NULL, 1733, 52, 1, 1, 1, 69, 1),
(6784428, 152186, 1492188969, 609, 1644, NULL, 98, 33, 1, 1, 1, 70, NULL),
(6784428, 152187, 1492189951, 609, 1644, NULL, 98, 33, 1, 1, 1, 65, NULL),
(6784428, 152189, 1492190857, 609, 1644, NULL, 98, 33, 1, 1, 1, 65, NULL),
(6784428, 152190, 1492191795, 609, 1644, NULL, 98, 33, 1, 1, 1, 70, 2),
(6784428, 152193, 1492192731, 609, 1644, NULL, 98, 33, 1, 1, 1, 70, 2),
(6784428, 152199, 1492193635, 1916, 1914, NULL, 1733, 52, 1, 1, 1, 68, 1),
(6784428, 152201, 1492194541, 1916, 1914, NULL, 1733, 52, 1, 1, 1, 72, 1),
(6784428, 152202, 1492195444, 1916, 1914, NULL, 1733, 52, 1, 0, 1, 68, 1),
(6784428, 152206, 1492196348, 1916, 1914, NULL, 1733, 52, 1, 1, 1, 32, 1),
(6784428, 152210, 1492197274, 1916, 1914, NULL, 1733, 52, 1, 0, 1, 71, 1),
(6784428, 152215, 1492198275, 1916, 1914, NULL, 1733, 52, 1, 0, 1, 68, 1),
(6784428, 152223, 1492199189, 1916, 1914, NULL, 1733, 52, 1, 1, 1, 32, 1),
(6784428, 152224, 1492200093, 1916, 1914, NULL, 1733, 52, 1, 1, 1, 71, 1),
(6784428, 152226, 1492201023, 1916, 1914, NULL, 1733, 52, 1, 1, 1, 71, 1),
(6784428, 152228, 1492201935, 1916, 1914, NULL, 1733, 52, 1, 1, 1, 32, 1),
(6784428, 152231, 1492202868, 1916, 1914, NULL, 1733, 52, 1, 0, 1, 71, 1),
(6784428, 152234, 1492203776, 1916, 1914, NULL, 1733, 52, 1, 1, 1, 32, 1),
(6784428, 152238, 1492205596, 1916, 1914, NULL, 98, 52, 1, 1, 1, 59, 3),
(6784428, 152241, 1492206508, 1916, 1914, NULL, 98, 52, 1, 0, 1, 98, 3),
(6784428, 152249, 1492210397, 1916, 1914, NULL, 98, 52, 1, 0, 1, 69, 3),
(6784428, 152251, 1492211306, 1916, 1914, NULL, 98, 52, 1, 1, 1, 98, 3),
(6784428, 152254, 1492212212, 1916, 1914, NULL, 98, 52, 1, 0, 1, 104, 3),
(6784428, 152264, 1492214042, 1916, 1914, NULL, 1733, 52, 1, 0, 1, 71, 1),
(6784428, 152266, 1492215057, 1916, 1914, NULL, 1733, 52, 1, 1, 1, 59, 1),
(6784428, 152267, 1492216296, 1916, 1914, NULL, 1733, 52, 1, 1, 1, 71, 1),
(6784428, 152271, 1492217511, 1916, 1914, NULL, 1733, 52, 1, 1, 1, 71, 1),
(6784428, 152287, 1492218418, 1916, 1914, NULL, 1733, 52, 1, 0, 1, 72, 1),
(6784428, 152289, 1492219325, 1916, 1914, NULL, 1733, 52, 1, 1, 1, 72, 1),
(6784428, 152290, 1492220252, 1916, 1914, NULL, 1733, 52, 1, 1, 1, 72, 1),
(6784428, 152292, 1492221174, 1916, 1914, NULL, 1733, 52, 1, 1, 1, 71, 1),
(6784428, 152295, 1492222087, 1916, 1914, NULL, 1733, 52, 1, 1, 1, 72, 1),
(6784428, 152297, 1492223023, 1916, 1914, NULL, 1733, 52, 1, 0, 1, 72, 1),
(6784428, 152305, 1492226505, 1916, 1914, NULL, 1733, 52, 1, 1, 1, 71, 5),
(6784428, 152307, 1492227414, 1916, 1914, NULL, 1733, 52, 1, 1, 1, 32, 5),
(6784428, 152310, 1492228326, 1916, 1914, NULL, 1733, 52, 1, 0, 1, 59, 5),
(6784428, 152313, 1492229234, 1916, 1914, NULL, 1733, 52, 1, 1, 1, 32, 5),
(6784428, 152314, 1492230143, 1916, 1914, NULL, 1733, 52, 1, 1, 1, 71, 5),
(6784428, 152316, 1492231044, 1916, 1914, NULL, 1733, 52, 1, 1, 1, 71, 5),
(6784428, 152320, 1492232324, 1916, 1914, NULL, 1733, 52, 1, 1, 1, 68, 5),
(6784428, 152326, 1492234132, 1916, 1914, NULL, 98, 52, 1, 1, 1, 69, 3),
(6784428, 152327, 1492235044, 1916, 1914, NULL, 98, 52, 1, 1, 1, 104, 3),
(6784428, 152330, 1492235950, 1916, 1914, NULL, 98, 52, 1, 0, 0, NULL, 3),
(6784428, 152332, 1492236855, 1916, 1914, NULL, 98, 52, 1, 0, 1, 98, 3),
(6784428, 152352, 1492267090, 1916, 1914, NULL, 1733, 52, 1, 1, 1, 69, 5),
(6784428, 152361, 1492267992, 1916, 1914, NULL, 1733, 52, 1, 0, 1, 68, 5),
(6784428, 152363, 1492268894, 1916, 1914, NULL, 1733, 52, 1, 1, 1, 71, 5),
(6784428, 152370, 1492269814, 1916, 1914, NULL, 1733, 52, 1, 1, 1, 68, 5),
(6784428, 152375, 1492270715, 1916, 1914, NULL, 1733, 52, 1, 1, 1, 71, 5),
(6784428, 152379, 1492271655, 1916, 1914, NULL, 1733, 52, 1, 1, 1, 72, 5),
(6784428, 152382, 1492272557, 1916, 1914, NULL, 1733, 52, 1, 1, 1, 135, 5),
(6784428, 152385, 1492273519, 1916, 1914, NULL, 1733, 52, 1, 1, 1, 137, 5),
(6784428, 152389, 1492274418, 1916, 1914, NULL, 1733, 52, 1, 1, 1, 32, 5),
(6784428, 152391, 1492275343, 1916, 1914, NULL, 1733, 52, 1, 1, 1, 71, 5),
(6784428, 152393, 1492276274, 1916, 1914, NULL, 1733, 52, 1, 1, 1, 68, 5),
(6784428, 152395, 1492277205, 1916, 1914, NULL, 1733, 52, 1, 0, 0, NULL, 5),
(6784428, 152400, 1492278146, 1916, 1914, NULL, 1733, 52, 1, 1, 1, 68, 5),
(6784428, 152404, 1492279060, 1916, 1914, NULL, 1733, 52, 1, 0, 1, 137, 5),
(6784428, 152406, 1492279972, 1916, 1914, NULL, 1733, 52, 1, 1, 1, 68, 5),
(6784428, 152408, 1492280880, 1916, 1914, NULL, 1733, 52, 1, 1, 1, 68, 5),
(6784428, 152411, 1492281786, 1916, 1914, NULL, 1733, 52, 1, 1, 1, 68, 5),
(6784428, 152415, 1492282697, 1916, 1914, NULL, 1733, 52, 1, 1, 1, 135, 5),
(6784428, 152419, 1492283621, 1916, 1914, NULL, 1733, 52, 1, 1, 1, 71, 5),
(6784428, 152421, 1492284527, 1916, 1914, NULL, 1733, 52, 1, 1, 1, 71, 5),
(6784428, 152430, 1492286338, 1916, 1914, NULL, 1733, 52, 1, 1, 1, 32, 1),
(6784428, 152431, 1492287256, 1916, 1914, NULL, 1733, 52, 1, 0, 1, 72, 1),
(6784428, 152435, 1492288175, 1916, 1914, NULL, 1733, 52, 1, 1, 1, 32, 1),
(6784428, 152437, 1492289080, 1916, 1914, NULL, 1733, 52, 1, 0, 1, 71, 1),
(6784428, 152441, 1492289986, 1916, 1914, NULL, 1733, 52, 1, 1, 1, 32, 1),
(6784428, 152442, 1492290901, 1916, 1914, NULL, 1733, 52, 1, 1, 1, 32, 1),
(6784428, 152443, 1492291830, 1916, 1914, NULL, 1733, 52, 1, 1, 1, 71, 1),
(6784428, 152446, 1492292756, 1916, 1914, NULL, 1733, 52, 1, 1, 1, 32, 1),
(6784428, 152447, 1492293658, 1916, 1914, NULL, 1733, 52, 1, 1, 1, 71, 1),
(6784428, 152449, 1492294564, 1916, 1914, NULL, 1733, 52, 1, 0, 1, 72, 1),
(6784428, 152451, 1492295479, 1916, 1914, NULL, 1733, 52, 1, 0, 1, 68, 1),
(6784428, 152456, 1492296433, 1916, 1914, NULL, 1733, 52, 1, 0, 0, NULL, 7),
(6784428, 152457, 1492297354, 1916, 1914, NULL, 1733, 52, 1, 1, 1, 59, 7),
(6784428, 152458, 1492298288, 1916, 1914, NULL, 1733, 52, 1, 1, 1, 141, 7),
(6784428, 152460, 1492299243, 1916, 1914, NULL, 1733, 52, 1, 1, 1, 59, 7),
(6784428, 152462, 1492300812, 1916, 1914, NULL, 1733, 52, 1, 1, 1, 71, 7),
(6784428, 152465, 1492301738, 1916, 1914, NULL, 1733, 52, 1, 0, 1, 72, 7),
(6784428, 152469, 1492302689, 1916, 1914, NULL, 1733, 52, 1, 1, 1, 59, 7);

-- --------------------------------------------------------

--
-- Table structure for table `locations`
--

CREATE TABLE `locations` (
  `id` int(10) UNSIGNED NOT NULL,
  `name` varchar(255) COLLATE utf8_unicode_ci NOT NULL
) ENGINE=InnoDB DEFAULT CHARSET=utf8 COLLATE=utf8_unicode_ci;

--
-- Dumping data for table `locations`
--

INSERT INTO `locations` (`id`, `name`) VALUES
(1, 'Acolyte Realm'),
(2, 'Balack\'s Cove'),
(7, 'Derr Dunes'),
(8, 'Dojo'),
(11, 'Forbidden Grove'),
(12, 'Great Gnarled Tree'),
(13, 'Harbour'),
(14, 'Jungle of Dread'),
(15, 'King\'s Gauntlet'),
(16, 'Laboratory'),
(18, 'Meadow'),
(19, 'Meditation Room'),
(21, 'Mousoleum'),
(23, 'Pinnacle Chamber'),
(26, 'S.S. Huntington III'),
(30, 'Windmill'),
(32, 'Zugzwang\'s Tower'),
(33, 'Fiery Warpath'),
(34, 'Muridae Market'),
(36, 'Crystal Library'),
(38, 'King\'s Arms'),
(41, 'Cursed City'),
(44, 'Gnawnian Express Station'),
(49, 'Whisker Woods Rift'),
(50, 'Fungal Cavern'),
(51, 'Zokor'),
(52, 'Labyrinth'),
(53, 'Furoma Rift'),
(54, 'Fort Rox');

-- --------------------------------------------------------

--
-- Table structure for table `mice`
--

CREATE TABLE `mice` (
  `id` int(10) UNSIGNED NOT NULL,
  `name` varchar(255) COLLATE utf8_unicode_ci NOT NULL
) ENGINE=InnoDB DEFAULT CHARSET=utf8 COLLATE=utf8_unicode_ci;

--
-- Dumping data for table `mice`
--

INSERT INTO `mice` (`id`, `name`) VALUES
(35, 'Alpha Weremouse'),
(124, 'Angry Train Staff'),
(18, 'Armored Archer'),
(68, 'Ash Golem'),
(135, 'Automated Stone Sentry'),
(90, 'Berserker'),
(133, 'Black Widow'),
(12, 'Briegull'),
(45, 'Buccaneer'),
(36, 'Captain Croissant'),
(106, 'Caravan Guard'),
(14, 'Carefree Cook'),
(99, 'Chocolate Gold Foil'),
(24, 'Chocolate Overload'),
(22, 'Coco Commander'),
(140, 'Cook'),
(72, 'Corridor Bruiser'),
(82, 'Corrupt'),
(74, 'Crimson Commander'),
(4, 'Crystal Behemoth'),
(2, 'Crystal Lurker'),
(3, 'Crystal Observer'),
(1, 'Crystal Queen'),
(78, 'Cursed Enchanter'),
(80, 'Cursed Engineer'),
(81, 'Cursed Librarian'),
(47, 'Cursed Taskmaster'),
(79, 'Cursed Thief'),
(54, 'Dawn Guardian'),
(115, 'Derr Lich'),
(105, 'Desert Architect'),
(70, 'Desert Soldier'),
(9, 'Diamond'),
(30, 'Dumpling Delivery'),
(83, 'Effervescent'),
(17, 'Egg Painter'),
(23, 'Egg Scrambler'),
(21, 'Eggscavator'),
(19, 'Eggsplosive Scientist'),
(117, 'Elub Lich'),
(113, 'Enslaved Spirit'),
(77, 'Essence Guardian'),
(89, 'Fiend'),
(76, 'Flame Archer'),
(75, 'Flame Warrior'),
(7, 'Flying'),
(128, 'Fuel'),
(94, 'Fungal Frog'),
(141, 'Fungal Technomorph'),
(66, 'Gargantuamouse'),
(120, 'Gargoyle'),
(116, 'Golem'),
(127, 'Granite'),
(112, 'Hardboiled'),
(20, 'Hare Razer'),
(132, 'Healer'),
(58, 'Heart of the Meteor'),
(63, 'Hired Eidolon'),
(40, 'Hypnotized Gunslinger'),
(92, 'Karmachameleon'),
(97, 'Knight'),
(37, 'Lightning Rod'),
(103, 'Limestone Miner'),
(69, 'Lost'),
(32, 'Lost Legionnaire'),
(109, 'Lumberjack'),
(107, 'Mage Weaver'),
(73, 'Masked Pikeman'),
(119, 'Master of the Cheese Belt'),
(96, 'Master of the Dojo'),
(64, 'Matron of Wealth'),
(43, 'Meteorite Golem'),
(46, 'Meteorite Mystic'),
(10, 'Meteorite Snacker'),
(136, 'Mintaka'),
(5, 'Mischievous Meteorite Miner'),
(27, 'Mischievous Wereminer'),
(60, 'Molten Midas'),
(55, 'Monster of the Meteor'),
(93, 'Mossy Moosker'),
(98, 'Mush Monster'),
(57, 'Mystic Bishop'),
(52, 'Mystic Knight'),
(51, 'Mystic Pawn'),
(62, 'Mystic Rook'),
(114, 'Nerg Lich'),
(49, 'Night Watcher'),
(48, 'Nightfire'),
(26, 'Nightmancer'),
(16, 'Onion Chopper'),
(88, 'Page'),
(100, 'Pan Slammer'),
(121, 'Passenger'),
(87, 'Phalanx'),
(142, 'Pinchy'),
(138, 'Pirate'),
(8, 'Pugilist'),
(123, 'Ravenous Zombie'),
(91, 'Realm Ripper'),
(59, 'Reanimated Carver'),
(41, 'Reveling Lycanthrope'),
(28, 'Riptide'),
(71, 'RR-8'),
(139, 'Salt Water Snapper'),
(110, 'Sand Cavalry'),
(104, 'Shadow Stalker'),
(29, 'Shinobi'),
(102, 'Sinister Egg Painter'),
(134, 'Siren'),
(131, 'Spellbinder'),
(95, 'Spirit of Balance'),
(11, 'Spotted'),
(38, 'Steel'),
(126, 'Supply Hoarder'),
(86, 'Swarm of Pygmy Mice'),
(137, 'Tech Golem'),
(50, 'Technic Bishop'),
(53, 'Technic Knight'),
(44, 'Technic Pawn'),
(61, 'Technic Queen'),
(56, 'Technic Rook'),
(6, 'Theurgy Warden'),
(39, 'Tiny'),
(84, 'Tome Sprite'),
(130, 'Train Conductor'),
(129, 'Train Engineer'),
(67, 'Treasure Brawler'),
(65, 'Vanguard'),
(85, 'Walker'),
(122, 'Warehouse Manager'),
(42, 'Water Nymph'),
(33, 'Wealthy Werewarrior'),
(15, 'Werehauler'),
(34, 'White'),
(143, 'Winged Harpy'),
(125, 'Zombie');

-- --------------------------------------------------------

--
-- Table structure for table `stages`
--

CREATE TABLE `stages` (
  `id` int(10) UNSIGNED NOT NULL,
  `name` varchar(255) COLLATE utf8_unicode_ci NOT NULL
) ENGINE=InnoDB DEFAULT CHARSET=utf8 COLLATE=utf8_unicode_ci;

--
-- Dumping data for table `stages`
--

INSERT INTO `stages` (`id`, `name`) VALUES
(7, 'Epic Tech Hallway'),
(4, 'Low Tide'),
(3, 'Plain Farming Hallway'),
(1, 'Plain Tech Hallway'),
(5, 'Superior Tech Hallway'),
(2, 'Wave 1'),
(6, 'Wave 2');

-- --------------------------------------------------------

--
-- Table structure for table `traps`
--

CREATE TABLE `traps` (
  `id` int(10) UNSIGNED NOT NULL,
  `name` varchar(255) COLLATE utf8_unicode_ci NOT NULL
) ENGINE=InnoDB DEFAULT CHARSET=utf8 COLLATE=utf8_unicode_ci;

--
-- Dumping data for table `traps`
--

INSERT INTO `traps` (`id`, `name`) VALUES
(56, 'Ice Maiden'),
(354, 'Mystic Pawn Pincher'),
(356, 'Technic Pawn Pincher'),
(369, 'Blackstone Pass'),
(532, 'Sandstorm MonstroBot'),
(608, 'Dimensional Chest'),
(609, 'Sandtail Sentinel'),
(895, 'Steam Laser Mk. III'),
(1004, 'Clockwork Portal'),
(1005, 'Grand Arcanum'),
(1285, 'Glacier Gatler'),
(1423, 'Crystal Tower'),
(1515, 'School of Sharks'),
(1549, 'Multi-Crystal Laser'),
(1813, 'Warden Slayer'),
(1833, 'Chrome Sphynx Wrath'),
(1916, 'Endless Labyrinth'),
(1918, 'Infinite Labyrinth'),
(2049, 'Bubbles: The Party Crasher'),
(2095, 'Mysteriously unYielding Null-Onyx Rampart of Cascading Amperes'),
(2135, 'Chrome Arcane Capturing Rod Of Never Yielding Mystery'),
(2137, 'Law Laser'),
(2224, 'Droid Archmagus'),
(2225, 'Interdimensional Crossbow'),
(2246, 'Festive Forgotten Fir'),
(2247, 'Holiday Hydro Hailstone'),
(2299, 'Meteor Prison Core');

--
-- Indexes for dumped tables
--

--
-- Indexes for table `bases`
--
ALTER TABLE `bases`
  ADD PRIMARY KEY (`id`);

--
-- Indexes for table `charms`
--
ALTER TABLE `charms`
  ADD PRIMARY KEY (`id`);

--
-- Indexes for table `cheese`
--
ALTER TABLE `cheese`
  ADD PRIMARY KEY (`id`);

--
-- Indexes for table `hunts`
--
ALTER TABLE `hunts`
  ADD PRIMARY KEY (`user_id`,`entry_id`,`timestamp`);

--
-- Indexes for table `locations`
--
ALTER TABLE `locations`
  ADD PRIMARY KEY (`id`);

--
-- Indexes for table `mice`
--
ALTER TABLE `mice`
  ADD PRIMARY KEY (`id`),
  ADD UNIQUE KEY `name` (`name`);

--
-- Indexes for table `stages`
--
ALTER TABLE `stages`
  ADD PRIMARY KEY (`id`),
  ADD UNIQUE KEY `name_unique` (`name`);

--
-- Indexes for table `traps`
--
ALTER TABLE `traps`
  ADD PRIMARY KEY (`id`);

--
-- AUTO_INCREMENT for dumped tables
--

--
-- AUTO_INCREMENT for table `mice`
--
ALTER TABLE `mice`
  MODIFY `id` int(10) UNSIGNED NOT NULL AUTO_INCREMENT, AUTO_INCREMENT=144;
--
-- AUTO_INCREMENT for table `stages`
--
ALTER TABLE `stages`
  MODIFY `id` int(10) UNSIGNED NOT NULL AUTO_INCREMENT, AUTO_INCREMENT=8;
/*!40101 SET CHARACTER_SET_CLIENT=@OLD_CHARACTER_SET_CLIENT */;
/*!40101 SET CHARACTER_SET_RESULTS=@OLD_CHARACTER_SET_RESULTS */;
/*!40101 SET COLLATION_CONNECTION=@OLD_COLLATION_CONNECTION */;
