-- phpMyAdmin SQL Dump
-- version 4.6.6
-- https://www.phpmyadmin.net/
--
-- Host: localhost
-- Generation Time: Apr 20, 2017 at 07:10 PM
-- Server version: 10.1.20-MariaDB
-- PHP Version: 7.0.8

SET SQL_MODE = "NO_AUTO_VALUE_ON_ZERO";
SET time_zone = "+00:00";


/*!40101 SET @OLD_CHARACTER_SET_CLIENT=@@CHARACTER_SET_CLIENT */;
/*!40101 SET @OLD_CHARACTER_SET_RESULTS=@@CHARACTER_SET_RESULTS */;
/*!40101 SET @OLD_COLLATION_CONNECTION=@@COLLATION_CONNECTION */;
/*!40101 SET NAMES utf8mb4 */;

--
-- Database: `id1346768_mhhh`
--

-- --------------------------------------------------------

--
-- Table structure for table `bases`
--

CREATE TABLE `bases` (
  `id` int(10) UNSIGNED NOT NULL,
  `name` varchar(255) COLLATE utf8_unicode_ci NOT NULL
) ENGINE=InnoDB DEFAULT CHARSET=utf8 COLLATE=utf8_unicode_ci;

--
-- Dumping data for table `bases`
--

INSERT INTO `bases` (`id`, `name`) VALUES
(17, 'Aqua'),
(32, 'Wooden with Target'),
(368, 'Spellbook'),
(479, 'Tiki'),
(778, 'Silver Tournament'),
(899, 'Deep Freeze'),
(1073, 'Rift'),
(1644, 'Fissure'),
(1914, 'Labyrinth'),
(1915, 'Minotaur'),
(2048, 'Extra Sweet Cupcake Birthday'),
(2094, 'Living'),
(2120, 'Attuned Enerchi Induction'),
(2259, '2017 New Year\'s'),
(2270, 'Rooster Jade'),
(2284, 'Sprinkly Sweet Cupcake Birthday');

-- --------------------------------------------------------

--
-- Table structure for table `charms`
--

CREATE TABLE `charms` (
  `id` int(10) UNSIGNED NOT NULL,
  `name` varchar(255) COLLATE utf8_unicode_ci NOT NULL
) ENGINE=InnoDB DEFAULT CHARSET=utf8 COLLATE=utf8_unicode_ci;

--
-- Dumping data for table `charms`
--

INSERT INTO `charms` (`id`, `name`) VALUES
(429, 'Super Luck'),
(473, 'Ultimate Luck'),
(498, 'Super Rotten'),
(501, 'Valentine'),
(534, 'Warpath Archer'),
(538, 'Warpath Scout'),
(539, 'Warpath Warrior'),
(540, 'Super Warpath Archer'),
(541, 'Super Warpath Cavalry'),
(587, 'Dark Chocolate'),
(611, 'Artisan'),
(626, 'Derr Power'),
(648, 'Wealth'),
(649, 'Rook Crumble'),
(650, 'Spellbook'),
(677, 'Scholar'),
(682, 'Mining'),
(700, 'Dreaded'),
(701, 'Spooky'),
(851, 'Eggstra'),
(876, 'Sticky'),
(928, 'Ancient'),
(1014, 'Grub Salt'),
(1015, 'Grub Scent'),
(1074, 'Shattering'),
(1133, 'Safeguard'),
(1164, 'Eggscavator Charge'),
(1206, 'Supply Schedule'),
(1209, 'Magmatic Crystal'),
(1237, 'Haunted Ultimate Luck'),
(1252, 'Regal'),
(1288, 'Festive Ultimate Luck'),
(1289, 'Festive Ultimate Power'),
(1475, 'EMP400'),
(1476, 'Super Cactus'),
(1478, 'Unstable'),
(1552, 'Rift Power'),
(1578, 'Super Brain'),
(1647, 'Taunting'),
(1648, 'Cherry'),
(1649, 'Gnarled'),
(1652, 'Stagnant'),
(1692, 'Rainbow Luck'),
(1714, 'Eggstra Charge'),
(1735, 'Diamond Boost'),
(1736, 'Gemstone Boost'),
(1817, 'Extreme Attraction'),
(1822, 'Ultimate Ancient'),
(1835, 'Gargantua Guarantee'),
(1839, 'Spiked Anchor'),
(1982, 'Super Regal'),
(2081, 'Enerchi'),
(2262, '2017');

-- --------------------------------------------------------

--
-- Table structure for table `cheese`
--

CREATE TABLE `cheese` (
  `id` int(10) UNSIGNED NOT NULL,
  `name` varchar(255) COLLATE utf8_unicode_ci NOT NULL
) ENGINE=InnoDB DEFAULT CHARSET=utf8 COLLATE=utf8_unicode_ci;

--
-- Dumping data for table `cheese`
--

INSERT INTO `cheese` (`id`, `name`) VALUES
(79, 'Ancient'),
(80, 'Brie'),
(81, 'Cheddar'),
(83, 'Creamy Havarti'),
(84, 'Crunchy'),
(85, 'Crunchy Havarti'),
(88, 'Gauntlet Tier 3'),
(92, 'Gauntlet Tier 7'),
(96, 'Glutter'),
(98, 'Gouda'),
(99, 'Gumbo'),
(100, 'Inferno Havarti'),
(101, 'Limelight'),
(105, 'Moon'),
(106, 'Onyx Gorgonzola'),
(108, 'Radioactive Blue'),
(110, 'Rumble'),
(111, 'Runic'),
(112, 'Shell'),
(113, 'Spicy Havarti'),
(114, 'SUPER|brie+'),
(116, 'Sweet Havarti'),
(118, 'Vanilla Stilton'),
(119, 'Vengeful Vanilla Stilton'),
(121, 'Wicked Gnarly'),
(371, 'Checkmate'),
(586, 'Marshmallow Monterey'),
(1008, 'Duskshade Camembert'),
(1009, 'Graveblossom Camembert'),
(1010, 'Lunaria Camembert'),
(1340, 'Rancid Radioactive Blue'),
(1386, 'Fusion Fondue'),
(1424, 'Brie String'),
(1426, 'Magical String'),
(1529, 'Grilled'),
(1646, 'Lactrodectus Lancashire'),
(1732, 'Gemstone'),
(1733, 'Glowing Gruyere'),
(1814, 'Galleon Gouda'),
(2080, 'Maki String'),
(2100, 'Null Onyx Gorgonzola'),
(2101, 'Rift Rumble'),
(2226, 'Crescent'),
(2290, 'Sunrise');

-- --------------------------------------------------------

--
-- Table structure for table `hunts`
--

CREATE TABLE `hunts` (
  `user_id` int(10) UNSIGNED NOT NULL,
  `entry_id` int(10) UNSIGNED NOT NULL,
  `timestamp` int(11) UNSIGNED NOT NULL,
  `trap_id` int(10) UNSIGNED NOT NULL,
  `base_id` int(10) UNSIGNED NOT NULL,
  `charm_id` int(10) UNSIGNED DEFAULT NULL,
  `cheese_id` int(10) UNSIGNED NOT NULL,
  `location_id` int(10) UNSIGNED NOT NULL,
  `shield` tinyint(1) UNSIGNED NOT NULL DEFAULT '0',
  `caught` tinyint(1) UNSIGNED NOT NULL,
  `attracted` tinyint(1) UNSIGNED NOT NULL,
  `mouse_id` int(10) UNSIGNED DEFAULT NULL,
  `stage_id` int(10) UNSIGNED DEFAULT NULL,
  `extension_version` varchar(10) COLLATE utf8_unicode_ci DEFAULT NULL
) ENGINE=InnoDB DEFAULT CHARSET=utf8 COLLATE=utf8_unicode_ci;

--
-- Dumping data for table `hunts`
--

INSERT INTO `hunts` (`user_id`, `entry_id`, `timestamp`, `trap_id`, `base_id`, `charm_id`, `cheese_id`, `location_id`, `shield`, `caught`, `attracted`, `mouse_id`, `stage_id`, `extension_version`) VALUES
(53772, 263424, 1491945310, 1813, 1915, 851, 114, 33, 1, 1, 1, 6, NULL, NULL),
(53772, 263543, 1491998318, 1285, 2120, 2081, 114, 13, 1, 1, 1, 34, NULL, NULL),
(53772, 263904, 1492169548, 1004, 2120, NULL, 114, 14, 1, 1, 1, 86, NULL, NULL),
(53772, 263908, 1492170452, 1004, 2120, NULL, 114, 14, 1, 1, 1, 86, NULL, NULL),
(53772, 264176, 1492272223, 1004, 1915, NULL, 105, 54, 1, 1, 1, 49, NULL, NULL),
(53772, 264179, 1492273130, 1004, 1915, NULL, 105, 54, 1, 1, 1, 40, NULL, NULL),
(53772, 264183, 1492274034, 1004, 1915, NULL, 105, 54, 1, 1, 1, 35, NULL, NULL),
(53772, 264190, 1492274942, 1004, 1915, NULL, 105, 54, 1, 1, 1, 33, NULL, NULL),
(53772, 264194, 1492275865, 1004, 1915, NULL, 105, 54, 1, 1, 1, 27, NULL, NULL),
(677321, 137329, 1492318069, 2261, 1915, NULL, 79, 11, 1, 0, 0, NULL, NULL, NULL),
(677321, 137330, 1492319029, 2261, 1915, NULL, 79, 11, 1, 1, 1, 125, NULL, NULL),
(677321, 137346, 1492349261, 1916, 1915, NULL, 111, 1, 1, 0, 1, 171, NULL, NULL),
(677321, 137347, 1492350229, 1916, 1915, NULL, 111, 1, 1, 1, 1, 116, NULL, NULL),
(677321, 137348, 1492351445, 1916, 1915, NULL, 111, 1, 1, 1, 1, 162, NULL, NULL),
(677321, 137350, 1492352452, 1916, 1915, NULL, 111, 1, 1, 1, 1, 162, NULL, NULL),
(677321, 137376, 1492375940, 1916, 1915, NULL, 111, 1, 1, 1, 1, 178, NULL, NULL),
(677321, 137729, 1492698799, 1916, 1915, NULL, 111, 1, 1, 1, 1, 171, NULL, '1.7'),
(677321, 137731, 1492701001, 1916, 1915, NULL, 111, 1, 1, 1, 1, 171, NULL, '1.7'),
(677321, 137734, 1492702855, 1916, 1915, NULL, 111, 1, 1, 0, 1, 176, NULL, '1.7'),
(3573743, 31274, 1492017588, 356, 2259, 1164, 114, 32, 1, 1, 1, 44, NULL, NULL),
(3573743, 31276, 1492018511, 356, 2259, 1164, 114, 32, 1, 1, 1, 44, NULL, NULL),
(3573743, 31294, 1492027576, 354, 32, 1164, 98, 32, 1, 0, 1, 44, NULL, NULL),
(3573743, 31297, 1492028482, 354, 32, 1476, 98, 32, 1, 0, 1, 50, NULL, NULL),
(3573743, 31298, 1492029387, 354, 32, 1476, 98, 32, 1, 1, 1, 51, NULL, NULL),
(3573743, 31299, 1492030338, 369, 2284, 501, 98, 32, 1, 1, 1, 52, NULL, NULL),
(3573743, 31301, 1492031341, 369, 2284, 501, 98, 32, 1, 0, 1, 53, NULL, NULL),
(3573743, 31303, 1492032279, 369, 2284, 501, 98, 32, 1, 1, 1, 51, NULL, NULL),
(3573743, 31311, 1492038801, 608, 2284, 501, 98, 32, 1, 1, 1, 44, NULL, NULL),
(3573743, 31317, 1492039709, 608, 2284, 501, 98, 32, 1, 1, 1, 50, NULL, NULL),
(3573743, 31318, 1492040656, 608, 2284, 501, 98, 32, 1, 1, 1, 44, NULL, NULL),
(3573743, 31319, 1492041581, 608, 2284, 501, 98, 32, 1, 0, 1, 52, NULL, NULL),
(3573743, 31320, 1492042483, 608, 2284, 501, 98, 32, 1, 0, 1, 56, NULL, NULL),
(3573743, 31322, 1492043427, 608, 2270, 649, 114, 32, 1, 1, 1, 51, NULL, NULL),
(3573743, 31323, 1492044406, 608, 2270, 649, 114, 32, 1, 1, 1, 57, NULL, NULL),
(3573743, 31324, 1492045420, 608, 2270, 649, 114, 32, 1, 1, 1, 57, NULL, NULL),
(3573743, 31327, 1492046468, 608, 2270, 649, 114, 32, 1, 1, 1, 57, NULL, NULL),
(3573743, 31329, 1492048063, 608, 2270, 649, 114, 32, 1, 1, 1, 56, NULL, NULL),
(3573743, 31347, 1492049099, 608, 2270, 649, 114, 32, 1, 1, 1, 53, NULL, NULL),
(3573743, 31351, 1492050206, 608, 368, 650, 114, 32, 1, 0, 1, 61, NULL, NULL),
(3573743, 31352, 1492051151, 608, 368, 650, 114, 32, 1, 0, 1, 53, NULL, NULL),
(3573743, 31353, 1492052179, 608, 368, 649, 114, 32, 1, 1, 1, 62, NULL, NULL),
(3573743, 31356, 1492053536, 608, 368, 649, 114, 32, 1, 1, 1, 61, NULL, NULL),
(3573743, 31357, 1492054439, 608, 368, 1714, 371, 32, 1, 0, 1, 56, NULL, NULL),
(3573743, 31359, 1492056563, 608, 368, 1714, 371, 32, 1, 0, 1, 62, NULL, NULL),
(3573743, 31363, 1492057467, 608, 368, 1714, 114, 32, 1, 0, 1, 62, NULL, NULL),
(3573743, 31365, 1492058371, 608, 368, 649, 114, 32, 1, 1, 1, 57, NULL, NULL),
(3573743, 31366, 1492059275, 608, 368, 649, 114, 32, 1, 0, 1, 51, NULL, NULL),
(3573743, 31368, 1492060176, 608, 368, 649, 114, 32, 1, 1, 1, 62, NULL, NULL),
(3573743, 31371, 1492061120, 608, 368, 1252, 114, 32, 1, 0, 1, 52, NULL, NULL),
(3573743, 31372, 1492062059, 608, 368, 473, 114, 32, 1, 1, 1, 57, NULL, NULL),
(3573743, 31424, 1492093424, 532, 368, 538, 98, 33, 1, 1, 1, 65, NULL, NULL),
(3573743, 31425, 1492094328, 532, 368, 538, 98, 33, 1, 1, 1, 65, NULL, NULL),
(3573743, 31427, 1492095233, 532, 368, 538, 98, 33, 1, 1, 1, 65, NULL, NULL),
(3573743, 31428, 1492096298, 532, 368, 538, 114, 33, 1, 1, 1, 65, NULL, NULL),
(3573743, 31431, 1492097267, 532, 368, 538, 114, 33, 1, 0, 1, 66, NULL, NULL),
(3573743, 31432, 1492098169, 532, 368, 538, 98, 33, 1, 0, 1, 65, NULL, NULL),
(3573743, 31433, 1492099075, 532, 368, 538, 98, 33, 1, 1, 1, 65, NULL, NULL),
(3573743, 31434, 1492099981, 532, 368, 538, 98, 33, 1, 1, 1, 65, NULL, NULL),
(3573743, 31437, 1492100893, 532, 368, 538, 98, 33, 1, 0, 1, 65, NULL, NULL),
(3573743, 31439, 1492103538, 532, 368, 539, 98, 33, 1, 1, 1, 70, NULL, NULL),
(3573743, 31444, 1492106253, 532, 368, 539, 98, 33, 1, 1, 1, 70, NULL, NULL),
(3573743, 31448, 1492108064, 532, 368, 539, 98, 33, 1, 1, 1, 70, NULL, NULL),
(3573743, 31449, 1492108969, 532, 368, 539, 98, 33, 1, 1, 1, 70, NULL, NULL),
(3573743, 31450, 1492109875, 532, 368, 539, 98, 33, 1, 0, 0, NULL, NULL, NULL),
(3573743, 31454, 1492112604, 532, 368, 539, 98, 33, 1, 0, 0, NULL, NULL, NULL),
(3573743, 31455, 1492113511, 532, 368, 539, 98, 33, 1, 1, 1, 70, NULL, NULL),
(3573743, 31456, 1492114419, 532, 368, 539, 98, 33, 1, 1, 1, 70, NULL, NULL),
(3573743, 31459, 1492115333, 532, 368, 539, 114, 33, 1, 1, 1, 70, NULL, NULL),
(3573743, 31460, 1492116237, 532, 368, NULL, 114, 33, 1, 1, 1, 70, NULL, NULL),
(3573743, 31462, 1492117144, 532, 368, NULL, 114, 33, 1, 1, 1, 74, NULL, NULL),
(3573743, 31466, 1492118065, 532, 368, NULL, 114, 33, 1, 1, 1, 70, NULL, NULL),
(3573743, 31468, 1492119059, 532, 368, NULL, 98, 33, 1, 1, 1, 70, NULL, NULL),
(3573743, 31469, 1492119961, 532, 368, NULL, 98, 33, 1, 1, 1, 70, NULL, NULL),
(3573743, 31471, 1492120864, 532, 368, NULL, 114, 33, 1, 1, 1, 70, NULL, NULL),
(3573743, 31474, 1492121769, 532, 368, NULL, 98, 33, 1, 0, 1, 75, NULL, NULL),
(3573743, 31475, 1492122677, 532, 368, NULL, 98, 33, 1, 0, 0, NULL, NULL, NULL),
(3573743, 31477, 1492124641, 532, 368, NULL, 98, 33, 1, 1, 1, 76, NULL, NULL),
(3573743, 31480, 1492125716, 532, 368, NULL, 98, 33, 1, 1, 1, 76, NULL, NULL),
(3573743, 31481, 1492127128, 532, 368, NULL, 114, 33, 1, 1, 1, 76, NULL, NULL),
(3573743, 31484, 1492129071, 532, 368, NULL, 114, 33, 1, 1, 1, 76, NULL, NULL),
(3573743, 31485, 1492130378, 56, 368, NULL, 114, 33, 1, 1, 1, 66, NULL, NULL),
(3573743, 31487, 1492131281, 532, 368, NULL, 114, 33, 1, 0, 1, 76, NULL, NULL),
(3573743, 31505, 1492133661, 532, 368, NULL, 98, 33, 1, 1, 1, 76, NULL, NULL),
(3573743, 31506, 1492134566, 532, 368, NULL, 114, 33, 1, 0, 1, 76, NULL, NULL),
(3573743, 31516, 1492139654, 2224, 2094, NULL, 1009, 41, 1, 1, 1, 77, NULL, NULL),
(3573743, 31519, 1492140578, 2224, 2094, NULL, 1009, 41, 1, 1, 1, 78, NULL, NULL),
(3573743, 31521, 1492141483, 2224, 2094, NULL, 1009, 41, 1, 1, 1, 79, NULL, NULL),
(3573743, 31525, 1492142389, 2224, 2094, NULL, 1009, 41, 1, 1, 1, 80, NULL, NULL),
(3573743, 31526, 1492143297, 2224, 2094, NULL, 1009, 41, 1, 1, 1, 81, NULL, NULL),
(3573743, 31531, 1492144213, 2224, 2094, NULL, 1009, 41, 1, 1, 1, 77, NULL, NULL),
(3573743, 31532, 1492145158, 2224, 2094, NULL, 1009, 41, 1, 0, 1, 80, NULL, NULL),
(3573743, 31535, 1492146597, 2224, 2094, NULL, 1009, 41, 1, 1, 1, 82, NULL, NULL),
(3573743, 31541, 1492148404, 532, 2270, NULL, 114, 36, 1, 1, 1, 83, NULL, NULL),
(3573743, 31542, 1492149310, 532, 2270, NULL, 114, 36, 1, 1, 1, 84, NULL, NULL),
(3573743, 31544, 1492150214, 532, 368, NULL, 114, 36, 1, 0, 1, 84, NULL, NULL),
(3573743, 31547, 1492151119, 532, 368, NULL, 114, 36, 1, 0, 1, 85, NULL, NULL),
(3573743, 31559, 1492172356, 532, 368, NULL, 114, 36, 1, 1, 1, 84, NULL, NULL),
(3573743, 31565, 1492173302, 608, 368, NULL, 114, 36, 1, 1, 1, 83, NULL, NULL),
(3573743, 31568, 1492175473, 608, 368, NULL, 114, 36, 1, 1, 1, 83, NULL, NULL),
(3573743, 31574, 1492178246, 608, 2259, NULL, 88, 15, 1, 1, 1, 87, NULL, NULL),
(3573743, 31575, 1492179149, 608, 2259, NULL, 88, 15, 1, 1, 1, 88, NULL, NULL),
(3573743, 31581, 1492182004, 2049, 2259, NULL, 92, 15, 1, 1, 1, 89, NULL, NULL),
(3573743, 31584, 1492183833, 608, 2270, NULL, 88, 15, 1, 1, 1, 87, NULL, NULL),
(3573743, 31586, 1492184736, 608, 2270, NULL, 88, 15, 1, 1, 1, 90, NULL, NULL),
(3573743, 31592, 1492185644, 2224, 2270, NULL, 79, 1, 1, 1, 1, 91, NULL, NULL),
(3573743, 31597, 1492186547, 1423, 2270, NULL, 1426, 49, 1, 0, 1, 92, NULL, NULL),
(3573743, 31605, 1492187450, 1423, 368, NULL, 1426, 49, 1, 1, 1, 93, NULL, NULL),
(3573743, 31607, 1492188361, 1423, 2270, NULL, 1426, 49, 1, 1, 1, 92, NULL, NULL),
(3573743, 31610, 1492189266, 1423, 2270, NULL, 1426, 49, 1, 1, 1, 94, NULL, NULL),
(3573743, 31615, 1492190218, 1423, 2270, NULL, 1426, 49, 1, 1, 1, 95, NULL, NULL),
(3573743, 31620, 1492191172, 608, 2259, NULL, 110, 23, 1, 1, 1, 96, NULL, NULL),
(3573743, 31622, 1492192078, 608, 2259, NULL, 110, 23, 1, 0, 1, 96, NULL, NULL),
(3573743, 31623, 1492193004, 608, 2259, NULL, 110, 23, 1, 0, 1, 96, NULL, NULL),
(3573743, 31626, 1492193986, 608, 2270, NULL, 110, 23, 1, 1, 1, 96, NULL, NULL),
(3573743, 31628, 1492194933, 608, 2270, NULL, 110, 23, 1, 1, 1, 96, NULL, NULL),
(3573743, 31629, 1492195879, 608, 2270, NULL, 110, 23, 1, 1, 1, 96, NULL, NULL),
(3573743, 31641, 1492201458, 608, 368, NULL, 88, 15, 1, 1, 1, 87, NULL, NULL),
(3573743, 31642, 1492202362, 608, 368, NULL, 88, 15, 1, 1, 1, 90, NULL, NULL),
(3573743, 31645, 1492203265, 608, 368, NULL, 88, 15, 1, 1, 1, 97, NULL, NULL),
(3573743, 31652, 1492204172, 608, 368, NULL, 88, 15, 1, 1, 1, 90, NULL, NULL),
(3573743, 31658, 1492206067, 608, 368, NULL, 88, 15, 1, 1, 1, 90, NULL, NULL),
(3573743, 31661, 1492206971, 532, 368, NULL, 586, 15, 1, 1, 1, 17, NULL, NULL),
(3573743, 31664, 1492207873, 532, 368, NULL, 586, 15, 1, 1, 1, 99, NULL, NULL),
(3573743, 31667, 1492208776, 532, 368, NULL, 586, 15, 1, 1, 1, 100, NULL, NULL),
(3573743, 31668, 1492209681, 532, 368, NULL, 586, 15, 1, 1, 1, 102, NULL, NULL),
(3573743, 31670, 1492210584, 532, 368, NULL, 586, 15, 1, 1, 1, 17, NULL, NULL),
(3573743, 31675, 1492211487, 532, 368, NULL, 98, 34, 1, 1, 1, 103, NULL, NULL),
(3573743, 31677, 1492212390, 532, 368, NULL, 114, 34, 1, 1, 1, 105, NULL, NULL),
(3573743, 31678, 1492213385, 532, 368, NULL, 114, 34, 1, 0, 1, 107, NULL, NULL),
(3573743, 31679, 1492214289, 532, 368, NULL, 114, 34, 1, 0, 1, 103, NULL, NULL),
(3573743, 31680, 1492215194, 532, 368, NULL, 114, 34, 1, 1, 1, 109, NULL, NULL),
(3573743, 31683, 1492218407, 532, 368, NULL, 114, 34, 1, 1, 1, 103, NULL, NULL),
(3573743, 31685, 1492219315, 532, 368, NULL, 114, 34, 1, 1, 1, 103, NULL, NULL),
(3573743, 31702, 1492220218, 532, 368, NULL, 114, 34, 1, 0, 1, 109, NULL, NULL),
(3573743, 31706, 1492221124, 2246, 2270, NULL, 119, 2, 1, 1, 1, 113, 4, NULL),
(3573743, 31707, 1492222466, 2246, 2270, NULL, 119, 2, 1, 1, 1, 114, 4, NULL),
(3573743, 31710, 1492223631, 2246, 2270, NULL, 119, 2, 1, 1, 1, 115, 4, NULL),
(3573743, 31712, 1492224861, 2246, 2270, NULL, 119, 2, 1, 1, 1, 114, 4, NULL),
(3573743, 31715, 1492225854, 2246, 2270, NULL, 119, 2, 1, 1, 1, 117, 4, NULL),
(3573743, 31719, 1492226799, 2246, 2270, NULL, 119, 2, 1, 1, 1, 117, 4, NULL),
(3573743, 31721, 1492227751, 608, 2270, NULL, 96, 19, 1, 0, 1, 119, NULL, NULL),
(3573743, 31729, 1492229806, 608, 2270, NULL, 96, 19, 1, 1, 1, 119, NULL, NULL),
(3573743, 31731, 1492231160, 2225, 2270, NULL, 108, 21, 1, 1, 1, 123, NULL, NULL),
(3573743, 31733, 1492232163, 2225, 2270, NULL, 108, 21, 1, 1, 1, 125, NULL, NULL),
(3573743, 31734, 1492233277, 2225, 2270, NULL, 108, 21, 1, 1, 1, 125, NULL, NULL),
(3573743, 31737, 1492234473, 2225, 2270, NULL, 108, 21, 1, 1, 1, 125, NULL, NULL),
(3573743, 31738, 1492235387, 2225, 2270, NULL, 108, 21, 1, 1, 1, 125, NULL, NULL),
(3573743, 31739, 1492236371, 2225, 2270, NULL, 108, 21, 1, 1, 1, 123, NULL, NULL),
(3573743, 31743, 1492237280, 532, 2270, NULL, 108, 16, 1, 1, 1, 127, NULL, NULL),
(3573743, 31774, 1492269585, 532, 2270, NULL, 98, 7, 1, 1, 1, 131, NULL, NULL),
(3573743, 31775, 1492270490, 532, 2270, NULL, 114, 7, 1, 1, 1, 132, NULL, NULL),
(3573743, 31777, 1492271394, 532, 2270, NULL, 114, 7, 1, 1, 1, 133, NULL, NULL),
(3573743, 31781, 1492272297, 2247, 2270, NULL, 114, 26, 1, 1, 1, 134, NULL, NULL),
(3573743, 31784, 1492273203, 532, 2270, NULL, 114, 7, 1, 1, 1, 136, NULL, NULL),
(3573743, 31788, 1492274529, 895, 2270, NULL, 114, 26, 1, 1, 1, 138, NULL, NULL),
(3573743, 31790, 1492275515, 895, 2270, NULL, 114, 26, 1, 1, 1, 139, NULL, NULL),
(3573743, 31792, 1492276532, 895, 2270, NULL, 114, 26, 1, 1, 1, 139, NULL, NULL),
(3573743, 31794, 1492277563, 895, 2270, NULL, 114, 26, 1, 1, 1, 134, NULL, NULL),
(3573743, 31811, 1492283157, 2247, 17, NULL, 586, 26, 1, 1, 1, 23, NULL, NULL),
(3573743, 31813, 1492284060, 2247, 17, NULL, 114, 26, 1, 1, 1, 140, NULL, NULL),
(3573743, 31828, 1492296856, 2247, 17, NULL, 114, 26, 1, 1, 1, 42, NULL, NULL),
(3573743, 31834, 1492298852, 2247, 17, NULL, 114, 26, 1, 1, 1, 45, NULL, NULL),
(3573743, 31835, 1492299781, 2247, 17, NULL, 114, 26, 1, 1, 1, 142, NULL, NULL),
(3573743, 31841, 1492301624, 2247, 17, NULL, 114, 26, 1, 1, 1, 138, NULL, NULL),
(3573743, 31844, 1492302545, 2247, 17, NULL, 114, 26, 1, 1, 1, 138, NULL, NULL),
(3573743, 31847, 1492304718, 2247, 17, NULL, 586, 26, 1, 1, 1, 144, NULL, NULL),
(3573743, 31868, 1492305624, 2247, 17, NULL, 586, 26, 1, 1, 1, 19, NULL, NULL),
(3573743, 31869, 1492306701, 2247, 17, NULL, 586, 26, 1, 1, 1, 16, NULL, NULL),
(3573743, 31870, 1492307684, 2247, 17, NULL, 586, 26, 1, 1, 1, 144, NULL, NULL),
(3573743, 31871, 1492308587, 2247, 17, NULL, 586, 26, 1, 1, 1, 99, NULL, NULL),
(3573743, 31873, 1492309882, 2247, 17, NULL, 114, 26, 1, 1, 1, 149, NULL, NULL),
(3573743, 31876, 1492310786, 2247, 17, NULL, 114, 26, 1, 1, 1, 151, NULL, NULL),
(3573743, 31878, 1492311885, 2247, 17, NULL, 114, 26, 1, 1, 1, 153, NULL, NULL),
(3573743, 31882, 1492312831, 2247, 17, NULL, 114, 26, 1, 1, 1, 138, NULL, NULL),
(3573743, 31904, 1492324451, 2049, 368, NULL, 114, 26, 1, 1, 1, 142, NULL, NULL),
(3573743, 31906, 1492325365, 2247, 2259, NULL, 114, 26, 1, 1, 1, 159, NULL, NULL),
(3573743, 31929, 1492348998, 532, 2259, NULL, 80, 13, 1, 1, 1, 170, NULL, NULL),
(3573743, 31932, 1492349971, 532, 2259, NULL, 80, 13, 1, 1, 1, 173, NULL, NULL),
(3573743, 31934, 1492350879, 532, 2259, NULL, 80, 13, 1, 0, 0, NULL, NULL, NULL),
(3573743, 31948, 1492357805, 2049, 2259, NULL, 114, 26, 1, 1, 1, 149, NULL, NULL),
(3573743, 31950, 1492358715, 2049, 2259, NULL, 114, 26, 1, 1, 1, 42, NULL, NULL),
(3573743, 31952, 1492359617, 2049, 2259, NULL, 114, 26, 1, 1, 1, 138, NULL, NULL),
(3573743, 31956, 1492364308, 2049, 2259, NULL, 114, 26, 1, 1, 1, 149, NULL, NULL),
(3573743, 31957, 1492365211, 2049, 2259, NULL, 114, 26, 1, 1, 1, 177, NULL, NULL),
(3573743, 32041, 1492399170, 2224, 2284, NULL, 105, 54, 1, 1, 1, 26, NULL, NULL),
(3573743, 32050, 1492400975, 2225, 2284, NULL, 85, 14, 1, 1, 1, 191, NULL, '1.6'),
(3573743, 32052, 1492401879, 2225, 2284, NULL, 83, 14, 1, 0, 1, 193, NULL, '1.6'),
(3573743, 32054, 1492402783, 2225, 2284, NULL, 83, 14, 1, 1, 1, 193, NULL, '1.6'),
(3573743, 32055, 1492403686, 2225, 2284, NULL, 113, 14, 1, 1, 1, 195, NULL, '1.6'),
(3573743, 32057, 1492404609, 2225, 2284, NULL, 116, 14, 1, 1, 1, 196, NULL, '1.6'),
(3573743, 32060, 1492405510, 56, 2270, NULL, 100, 9, 1, 0, 1, 197, NULL, '1.6'),
(3573743, 32062, 1492406414, 56, 2270, NULL, 100, 9, 1, 0, 1, 198, NULL, '1.6'),
(3573743, 32064, 1492407320, 532, 2259, NULL, 84, 7, 1, 0, 1, 199, NULL, '1.6'),
(3573743, 32065, 1492408251, 532, 2259, NULL, 84, 7, 1, 1, 1, 200, NULL, '1.6'),
(3573743, 32067, 1492410098, 532, 2259, NULL, 84, 7, 1, 0, 1, 200, NULL, '1.6'),
(3573743, 32070, 1492411095, 532, 2270, NULL, 114, 7, 1, 1, 1, 131, NULL, '1.6'),
(3573743, 32073, 1492412198, 532, 368, NULL, 114, 7, 1, 1, 1, 203, NULL, '1.6'),
(3573743, 32087, 1492435367, 532, 368, NULL, 114, 7, 1, 1, 1, 136, NULL, '1.6'),
(3573743, 32088, 1492436271, 532, 368, NULL, 98, 7, 1, 1, 1, 211, NULL, '1.6'),
(3573743, 32090, 1492437172, 532, 368, NULL, 98, 7, 1, 1, 1, 211, NULL, '1.6'),
(3573743, 32093, 1492438616, 532, 368, NULL, 98, 7, 1, 1, 1, 213, NULL, '1.6'),
(3573743, 32095, 1492439522, 532, 2259, NULL, 114, 7, 1, 1, 1, 131, NULL, '1.6'),
(3573743, 32096, 1492440645, 532, 2259, NULL, 114, 7, 1, 1, 1, 131, NULL, '1.6'),
(3573743, 32102, 1492444457, 532, 2259, NULL, 114, 7, 1, 1, 1, 211, NULL, '1.6'),
(3573743, 32103, 1492445360, 532, 2259, NULL, 114, 7, 1, 1, 1, 131, NULL, '1.6'),
(3573743, 32105, 1492446993, 532, 479, NULL, 114, 7, 1, 1, 1, 215, NULL, '1.6'),
(3573743, 32120, 1492453908, 532, 479, NULL, 98, 7, 1, 0, 1, 211, NULL, '1.6'),
(3573743, 32121, 1492454811, 532, 479, NULL, 84, 7, 1, 1, 1, 200, NULL, '1.6'),
(3573743, 32122, 1492456461, 532, 479, NULL, 84, 7, 1, 1, 1, 217, NULL, '1.6'),
(3573743, 32126, 1492457459, 532, 368, NULL, 101, 27, 1, 1, 1, 218, NULL, '1.6'),
(3573743, 32127, 1492458561, 532, 368, NULL, 101, 27, 1, 1, 1, 190, NULL, '1.6'),
(3573743, 32129, 1492459542, 2224, 2259, NULL, 105, 54, 1, 0, 1, 27, NULL, '1.6'),
(3573743, 32136, 1492460506, 2224, 2259, NULL, 105, 54, 1, 1, 1, 33, NULL, '1.6'),
(3573743, 32138, 1492461810, 2224, 2259, NULL, 105, 54, 1, 0, 1, 43, NULL, '1.6'),
(3573743, 32142, 1492462733, 2224, 368, NULL, 105, 54, 1, 1, 1, 43, NULL, '1.6'),
(3573743, 32153, 1492464746, 2224, 368, NULL, 105, 54, 1, 1, 1, 43, NULL, '1.6'),
(3573743, 32200, 1492485152, 2224, 368, NULL, 105, 54, 1, 1, 1, 225, NULL, '1.6'),
(3573743, 32203, 1492486152, 2224, 368, NULL, 105, 54, 1, 1, 1, 48, NULL, '1.6'),
(3573743, 32220, 1492487055, 2224, 368, NULL, 105, 54, 1, 1, 1, 43, NULL, '1.6'),
(3573743, 32225, 1492488988, 2224, 368, NULL, 105, 54, 1, 0, 1, 47, NULL, '1.6'),
(3573743, 32227, 1492489918, 2224, 368, NULL, 105, 54, 1, 1, 1, 47, NULL, '1.6'),
(3573743, 32229, 1492490824, 2224, 368, NULL, 105, 54, 1, 1, 1, 48, NULL, '1.6'),
(3573743, 32231, 1492491726, 2224, 368, NULL, 105, 54, 1, 1, 1, 49, NULL, '1.6'),
(3573743, 32241, 1492493373, 2224, 368, NULL, 105, 54, 1, 1, 1, 48, NULL, '1.6'),
(3573743, 32273, 1492518304, 2224, 368, NULL, 105, 54, 1, 1, 1, 46, NULL, '1.6'),
(3573743, 32277, 1492519334, 2224, 368, NULL, 105, 54, 1, 1, 1, 48, NULL, '1.6'),
(3573743, 32281, 1492520257, 2224, 368, NULL, 105, 54, 1, 1, 1, 225, NULL, '1.6'),
(3573743, 32295, 1492524312, 2224, 368, NULL, 105, 54, 1, 1, 1, 48, NULL, '1.6'),
(3573743, 32298, 1492525238, 2224, 368, NULL, 105, 54, 1, 0, 1, 43, NULL, '1.6'),
(3573743, 32301, 1492526142, 2224, 368, NULL, 105, 54, 1, 1, 1, 225, NULL, '1.6'),
(3573743, 32303, 1492527433, 2224, 368, NULL, 105, 54, 1, 1, 1, 43, NULL, '1.6'),
(3573743, 32305, 1492528651, 2224, 368, NULL, 105, 54, 1, 0, 1, 47, NULL, '1.6'),
(3573743, 32327, 1492538196, 2246, 368, NULL, 119, 2, 1, 1, 1, 114, 4, '1.6'),
(3573743, 32330, 1492539690, 2246, 2270, NULL, 119, 2, 1, 0, 1, 117, 4, '1.6'),
(3573743, 32331, 1492541805, 2246, 2270, NULL, 119, 2, 1, 1, 1, 241, 4, '1.6'),
(3573743, 32333, 1492542870, 2246, 2270, NULL, 119, 2, 1, 0, 1, 117, 4, '1.6'),
(3573743, 32336, 1492544733, 532, 2270, NULL, 101, 27, 1, 1, 1, 243, NULL, '1.6'),
(3573743, 32338, 1492545635, 532, 2270, NULL, 101, 27, 1, 1, 1, 192, NULL, '1.6'),
(3573743, 32344, 1492547647, 532, 2270, NULL, 101, 27, 1, 1, 1, 245, NULL, '1.6'),
(3573743, 32345, 1492548550, 532, 2270, NULL, 101, 27, 1, 1, 1, 190, NULL, '1.6'),
(3573743, 32352, 1492554140, 532, 2270, NULL, 101, 27, 1, 1, 1, 245, NULL, '1.6'),
(3573743, 32379, 1492570822, 676, 778, NULL, 114, 36, 1, 1, 1, 202, NULL, '1.6'),
(3573743, 32401, 1492571729, 676, 778, NULL, 114, 36, 1, 1, 1, 85, NULL, '1.6'),
(3573743, 32403, 1492573365, 676, 778, NULL, 114, 36, 1, 1, 1, 250, NULL, '1.6'),
(3573743, 32404, 1492574454, 676, 778, NULL, 114, 36, 1, 1, 1, 84, NULL, '1.6'),
(3573743, 32426, 1492603470, 532, 778, NULL, 101, 27, 1, 1, 1, 243, NULL, '1.6'),
(3573743, 32433, 1492604376, 532, 778, NULL, 101, 27, 1, 1, 1, 192, NULL, '1.6'),
(3573743, 32438, 1492608420, 532, 778, NULL, 101, 27, 1, 1, 1, 192, NULL, '1.6'),
(3573743, 32439, 1492609325, 532, 778, NULL, 101, 27, 1, 1, 1, 190, NULL, '1.6'),
(3573743, 32440, 1492610228, 532, 778, NULL, 101, 27, 1, 1, 1, 192, NULL, '1.6'),
(3573743, 32441, 1492611132, 532, 778, NULL, 101, 27, 1, 1, 1, 254, NULL, '1.6'),
(3573743, 32444, 1492612284, 532, 778, NULL, 101, 27, 1, 1, 1, 218, NULL, '1.6'),
(3573743, 32445, 1492613186, 532, 778, NULL, 101, 27, 1, 1, 1, 192, NULL, '1.6'),
(3573743, 32448, 1492614931, 532, 778, NULL, 101, 27, 1, 1, 1, 245, NULL, '1.6'),
(3573743, 32451, 1492615835, 532, 778, NULL, 101, 27, 1, 1, 1, 218, NULL, '1.6'),
(3573743, 32455, 1492616742, 532, 2270, NULL, 101, 27, 1, 0, 1, 192, NULL, '1.6'),
(3573743, 32458, 1492617728, 2224, 2259, NULL, 79, 1, 1, 1, 1, 91, NULL, '1.6'),
(3573743, 32461, 1492619198, 2246, 2270, NULL, 111, 1, 1, 0, 1, 165, NULL, '1.6'),
(3573743, 32467, 1492620351, 2246, 2270, NULL, 111, 1, 1, 0, 1, 116, NULL, '1.6'),
(3573743, 32470, 1492621637, 2246, 2270, NULL, 111, 1, 1, 1, 1, 178, NULL, '1.6'),
(3573743, 32474, 1492622866, 2246, 2270, NULL, 111, 1, 1, 1, 1, 161, NULL, '1.6'),
(3573743, 32476, 1492624615, 2246, 2270, NULL, 111, 1, 1, 1, 1, 162, NULL, '1.6'),
(3573743, 32480, 1492626010, 2246, 2270, NULL, 111, 1, 1, 1, 1, 171, NULL, '1.6'),
(3573743, 32487, 1492627925, 2246, 2270, NULL, 111, 1, 1, 1, 1, 171, NULL, '1.6'),
(3573743, 32489, 1492629933, 2246, 2270, NULL, 111, 1, 1, 1, 1, 162, NULL, '1.6'),
(3573743, 32490, 1492630995, 2246, 2270, NULL, 111, 1, 1, 1, 1, 162, NULL, '1.6'),
(3573743, 32491, 1492632195, 2246, 2270, NULL, 111, 1, 1, 0, 1, 171, NULL, '1.6'),
(3573743, 32494, 1492634742, 2246, 2270, NULL, 111, 1, 1, 1, 1, 178, NULL, '1.6'),
(3573743, 32499, 1492636514, 1176, 2270, NULL, 98, 44, 1, 0, 1, 269, NULL, '1.6'),
(3573743, 32533, 1492656250, 532, 2284, NULL, 1814, 26, 1, 1, 1, 138, NULL, '1.6'),
(3573743, 32555, 1492657253, 532, 2284, NULL, 114, 20, 1, 1, 1, 273, NULL, '1.6'),
(3573743, 32557, 1492658241, 532, 2284, NULL, 114, 20, 1, 1, 1, 272, NULL, '1.6'),
(3573743, 32560, 1492659151, 532, 2284, NULL, 114, 20, 1, 1, 1, 214, NULL, '1.7'),
(3573743, 32562, 1492660085, 532, 2259, NULL, 114, 20, 1, 1, 1, 133, NULL, '1.7'),
(3573743, 32565, 1492660990, 2224, 2259, NULL, 105, 11, 1, 0, 1, 275, NULL, '1.7'),
(3573743, 32567, 1492661899, 2224, 2259, NULL, 105, 11, 1, 1, 1, 275, NULL, '1.7'),
(3573743, 32568, 1492662804, 2224, 2259, NULL, 105, 11, 1, 1, 1, 253, NULL, '1.7'),
(3573743, 32569, 1492663714, 2224, 2259, NULL, 105, 11, 1, 1, 1, 253, NULL, '1.7'),
(3573743, 32570, 1492665167, 2224, 2259, NULL, 79, 11, 1, 1, 1, 125, NULL, '1.7'),
(3573743, 32592, 1492690893, 2246, 368, NULL, 111, 1, 1, 1, 1, 116, NULL, '1.7'),
(3573743, 32593, 1492691798, 2246, 368, NULL, 111, 1, 1, 1, 1, 116, NULL, '1.7'),
(3573743, 32597, 1492695046, 2246, 368, NULL, 111, 1, 1, 1, 1, 162, NULL, '1.7'),
(3573743, 32603, 1492699705, 2246, 368, NULL, 111, 1, 1, 0, 1, 166, NULL, '1.7'),
(3573743, 32606, 1492701906, 2246, 368, NULL, 111, 1, 1, 0, 1, 178, NULL, '1.7'),
(3573743, 32617, 1492709132, 2246, 368, NULL, 111, 1, 1, 1, 1, 178, NULL, '1.7'),
(3573743, 32618, 1492710112, 2246, 368, NULL, 111, 1, 1, 1, 1, 178, NULL, '1.7'),
(3573743, 32620, 1492711030, 2246, 368, NULL, 111, 1, 1, 1, 1, 162, NULL, '1.7'),
(3573743, 32624, 1492712605, 2246, 368, NULL, 111, 1, 1, 0, 0, NULL, NULL, '1.7'),
(3573743, 32626, 1492714935, 2246, 368, NULL, 111, 1, 1, 1, 1, 165, NULL, '1.7'),
(4839553, 166579, 1491941664, 1918, 1915, 1736, 1732, 50, 1, 1, 1, 1, NULL, NULL),
(4839553, 166584, 1491943518, 2137, 1915, 1714, 98, 54, 1, 1, 1, 5, NULL, NULL),
(4839553, 166589, 1491947267, 2137, 1915, 851, 114, 54, 1, 1, 1, 5, NULL, NULL),
(4839553, 166594, 1491948229, 1833, 1915, 851, 114, 38, 1, 1, 1, 7, NULL, NULL),
(4839553, 166605, 1491950159, 1833, 1915, 851, 98, 38, 1, 1, 1, 8, NULL, NULL),
(4839553, 166606, 1491951069, 1833, 1915, 851, 98, 38, 1, 1, 1, 9, NULL, NULL),
(4839553, 166611, 1491952466, 1833, 1915, 851, 98, 38, 1, 1, 1, 11, NULL, NULL),
(4839553, 166613, 1491953562, 1515, 1915, 851, 98, 26, 1, 1, 1, 12, NULL, NULL),
(4839553, 166614, 1491954469, 1515, 1915, 851, 98, 26, 1, 1, 1, 12, NULL, NULL),
(4839553, 166619, 1491955380, 1918, 1915, 1714, 586, 8, 1, 1, 1, 14, NULL, NULL),
(4839553, 166620, 1491956333, 1918, 1915, 1714, 586, 8, 1, 1, 1, 16, NULL, NULL),
(4839553, 166621, 1491957239, 1918, 1915, 1714, 586, 8, 1, 1, 1, 17, NULL, NULL),
(4839553, 166624, 1491958144, 2095, 2120, 1714, 1424, 53, 1, 0, 1, 18, NULL, NULL),
(4839553, 166632, 1491959402, 1833, 1915, NULL, 586, 12, 1, 1, 1, 19, NULL, NULL),
(4839553, 166633, 1491960310, 1833, 1915, 1164, 586, 12, 1, 1, 1, 20, NULL, NULL),
(4839553, 166636, 1491961246, 1515, 1915, 1164, 586, 26, 1, 1, 1, 21, NULL, NULL),
(4839553, 166640, 1491962224, 1515, 1915, 1164, 586, 26, 1, 1, 1, 22, NULL, NULL),
(4839553, 166642, 1491963133, 1515, 1915, 1164, 586, 26, 1, 1, 1, 23, NULL, NULL),
(4839553, 166643, 1491964094, 1515, 1915, 1164, 586, 26, 1, 1, 1, 19, NULL, NULL),
(4839553, 166646, 1491966985, 1515, 1915, 1164, 586, 26, 1, 1, 1, 17, NULL, NULL),
(4839553, 166647, 1491967896, 1515, 1915, 1164, 586, 26, 1, 1, 1, 19, NULL, NULL),
(4839553, 166654, 1491968822, 1515, 1915, 1164, 586, 26, 1, 1, 1, 24, NULL, NULL),
(4839553, 166656, 1491969732, 1515, 1915, 1164, 586, 26, 1, 1, 1, 17, NULL, NULL),
(4839553, 166657, 1491970636, 1515, 1915, 1164, 586, 26, 1, 1, 1, 16, NULL, NULL),
(4839553, 166713, 1491972833, 1004, 1915, 1164, 118, 14, 1, 1, 1, 28, NULL, NULL),
(4839553, 166720, 1491973738, 2095, 2120, 1164, 2080, 53, 1, 1, 1, 29, NULL, NULL),
(4839553, 166722, 1491974675, 2095, 2120, 2081, 2080, 53, 1, 1, 1, 30, NULL, NULL),
(4839553, 166725, 1491975600, 2095, 2120, 2081, 2080, 53, 1, 1, 1, 30, NULL, NULL),
(4839553, 166763, 1492009261, 1918, 1915, 1164, 1529, 30, 1, 1, 1, 36, NULL, NULL),
(4839553, 166765, 1492010365, 1515, 1915, 1164, 98, 13, 1, 1, 1, 38, NULL, NULL),
(4839553, 166771, 1492015094, 1515, 1915, 1164, 586, 26, 1, 1, 1, 17, NULL, NULL),
(4839553, 166774, 1492016242, 1515, 1915, 1164, 98, 26, 1, 1, 1, 42, NULL, NULL),
(4839553, 166776, 1492018096, 1515, 1915, 1164, 98, 26, 1, 1, 1, 45, NULL, NULL),
(4839553, 167155, 1492203179, 609, 1915, NULL, 98, 33, 1, 1, 1, 76, NULL, NULL),
(4839553, 167157, 1492204251, 609, 1915, NULL, 98, 33, 1, 1, 1, 76, NULL, NULL),
(4839553, 167159, 1492206668, 609, 1915, NULL, 98, 33, 1, 0, 1, 76, NULL, NULL),
(4839553, 167161, 1492207583, 609, 1915, NULL, 98, 33, 1, 1, 1, 75, NULL, NULL),
(4839553, 167163, 1492208495, 609, 1915, NULL, 98, 33, 1, 1, 1, 75, NULL, NULL),
(4839553, 167165, 1492209428, 609, 1915, NULL, 98, 33, 1, 1, 1, 75, NULL, NULL),
(4839553, 167167, 1492210426, 609, 1915, NULL, 98, 33, 1, 1, 1, 74, NULL, NULL),
(4839553, 167170, 1492211334, 609, 1915, NULL, 98, 33, 1, 1, 1, 75, NULL, NULL),
(4839553, 167173, 1492212240, 609, 1915, NULL, 98, 33, 1, 1, 1, 75, NULL, NULL),
(4839553, 167174, 1492213148, 609, 1915, NULL, 98, 33, 1, 1, 1, 106, NULL, NULL),
(4839553, 167175, 1492214142, 609, 1915, NULL, 98, 33, 1, 1, 1, 76, NULL, NULL),
(4839553, 167177, 1492215049, 609, 1915, NULL, 98, 33, 1, 1, 1, 76, NULL, NULL),
(4839553, 167179, 1492216870, 609, 1915, NULL, 98, 33, 1, 1, 1, 75, NULL, NULL),
(4839553, 167180, 1492217777, 609, 1915, NULL, 98, 33, 1, 1, 1, 110, NULL, NULL),
(4839553, 167185, 1492218842, 609, 1915, NULL, 98, 33, 1, 0, 1, 75, NULL, NULL),
(4839553, 167187, 1492220034, 1515, 1915, NULL, 586, 26, 1, 1, 1, 17, NULL, NULL),
(4839553, 167188, 1492220940, 1515, 1915, NULL, 586, 26, 1, 1, 1, 112, NULL, NULL),
(4839553, 167192, 1492221867, 609, 1915, NULL, 98, 33, 1, 1, 1, 110, NULL, NULL),
(4839553, 167194, 1492223685, 1833, 1915, NULL, 98, 33, 1, 1, 1, 76, NULL, NULL),
(4839553, 167195, 1492225078, 1833, 1915, NULL, 98, 33, 1, 1, 1, 110, NULL, NULL),
(4839553, 167197, 1492225985, 609, 1915, NULL, 98, 33, 1, 1, 1, 76, NULL, NULL),
(4839553, 167198, 1492226893, 609, 1915, NULL, 98, 33, 1, 1, 1, 76, NULL, NULL),
(4839553, 167200, 1492227809, 609, 1915, NULL, 98, 33, 1, 1, 1, 76, NULL, NULL),
(4839553, 167202, 1492228716, 609, 1915, NULL, 98, 33, 1, 1, 1, 74, 6, NULL),
(4839553, 167220, 1492234353, 609, 1915, NULL, 98, 33, 1, 0, 0, NULL, 6, NULL),
(4839553, 167224, 1492236786, 609, 1915, NULL, 98, 33, 1, 1, 1, 76, 6, NULL),
(4839553, 167226, 1492237833, 609, 1915, NULL, 98, 33, 1, 1, 1, 76, 6, NULL),
(4839553, 167228, 1492239541, 609, 1915, NULL, 98, 33, 1, 1, 1, 76, 6, NULL),
(4839553, 167231, 1492243155, 609, 1915, NULL, 98, 33, 1, 1, 1, 76, 6, NULL),
(4839553, 167233, 1492246062, 609, 1915, NULL, 98, 33, 1, 1, 1, 76, 6, NULL),
(4839553, 167235, 1492249690, 609, 1915, NULL, 98, 33, 1, 1, 1, 110, 6, NULL),
(4839553, 167244, 1492259913, 609, 1915, NULL, 98, 33, 1, 1, 1, 110, 6, NULL),
(4839553, 167246, 1492261212, 609, 1915, NULL, 98, 33, 1, 0, 1, 110, 6, NULL),
(4839553, 167247, 1492262965, 609, 1915, NULL, 98, 33, 1, 1, 1, 110, 6, NULL),
(4839553, 167254, 1492267839, 609, 1915, NULL, 98, 33, 1, 1, 1, 74, 6, NULL),
(4839553, 167327, 1492314262, 1833, 1915, NULL, 98, 5, 1, 1, 1, 154, NULL, NULL),
(4839553, 167400, 1492371712, 1515, 1915, NULL, 586, 26, 1, 1, 1, 100, NULL, NULL),
(4839553, 167409, 1492377709, 1515, 1915, NULL, 114, 26, 1, 1, 1, 179, NULL, NULL),
(4839553, 167410, 1492378626, 1515, 1915, NULL, 114, 26, 1, 1, 1, 159, NULL, NULL),
(4839553, 167416, 1492379537, 1515, 1915, NULL, 121, 17, 1, 1, 1, 151, NULL, NULL),
(4839553, 167419, 1492380492, 1515, 1915, NULL, 121, 17, 1, 1, 1, 180, NULL, NULL),
(4839553, 167420, 1492381715, 1833, 1915, NULL, 121, 17, 1, 1, 1, 181, NULL, NULL),
(4839553, 167423, 1492382711, 609, 1915, NULL, 98, 33, 1, 1, 1, 182, 13, NULL),
(4839553, 167426, 1492383642, 1515, 1915, NULL, 121, 17, 1, 0, 1, 151, NULL, NULL),
(4839553, 167427, 1492384554, 1515, 1915, NULL, 121, 17, 1, 1, 1, 42, NULL, NULL),
(4839553, 167428, 1492385475, 1515, 1915, NULL, 121, 17, 1, 1, 1, 42, NULL, NULL),
(4839553, 167429, 1492386437, 1515, 1915, NULL, 121, 17, 1, 1, 1, 42, NULL, NULL),
(4839553, 167431, 1492387530, 1515, 1915, NULL, 121, 17, 1, 1, 1, 183, NULL, NULL),
(4839553, 167433, 1492388441, 1515, 1915, NULL, 121, 17, 1, 1, 1, 184, NULL, NULL),
(4839553, 167451, 1492389433, 1515, 2048, NULL, 121, 17, 1, 1, 1, 42, NULL, NULL),
(4839553, 167453, 1492390751, 1515, 2048, NULL, 121, 17, 1, 0, 1, 185, NULL, NULL),
(4839553, 167455, 1492391709, 1515, 2048, NULL, 121, 17, 1, 1, 1, 151, NULL, NULL),
(4839553, 167571, 1492449841, 1515, 1915, NULL, 586, 27, 1, 1, 1, 22, NULL, NULL),
(4839553, 167572, 1492450847, 1515, 1915, NULL, 586, 27, 1, 1, 1, 144, NULL, NULL),
(4839553, 167574, 1492451754, 1515, 1915, NULL, 114, 27, 1, 1, 1, 127, NULL, NULL),
(4839553, 167587, 1492459334, 1515, 1915, NULL, 114, 26, 1, 0, 1, 159, NULL, NULL),
(4839553, 167588, 1492460245, 1515, 1915, NULL, 586, 26, 1, 1, 1, 17, NULL, NULL),
(4839553, 167589, 1492461152, 1515, 1915, NULL, 586, 26, 1, 1, 1, 14, NULL, NULL),
(4839553, 167590, 1492462088, 1515, 1915, NULL, 114, 26, 1, 1, 1, 45, NULL, NULL),
(4839553, 167594, 1492462998, 609, 1915, NULL, 114, 33, 1, 0, 1, 220, 13, NULL),
(4839553, 167599, 1492463968, 1515, 1915, NULL, 586, 26, 1, 1, 1, 22, NULL, NULL),
(4839553, 167600, 1492464879, 1515, 1915, NULL, 586, 26, 1, 1, 1, 14, NULL, NULL),
(4839553, 167601, 1492465921, 1515, 1915, NULL, 586, 26, 1, 1, 1, 20, NULL, NULL),
(4839553, 167603, 1492466912, 1515, 1915, NULL, 586, 26, 1, 1, 1, 19, NULL, NULL),
(4839553, 167604, 1492467850, 1515, 1915, NULL, 586, 26, 1, 1, 1, 16, NULL, NULL),
(4839553, 167605, 1492468757, 1515, 1915, NULL, 114, 26, 1, 1, 1, 42, NULL, NULL),
(4839553, 167606, 1492469664, 1515, 1915, NULL, 114, 26, 1, 1, 1, 138, NULL, NULL),
(4839553, 167609, 1492470622, 1515, 1915, NULL, 1814, 26, 1, 1, 1, 138, NULL, NULL),
(4839553, 167614, 1492471553, 1515, 1915, NULL, 1814, 26, 1, 1, 1, 221, NULL, NULL),
(4839553, 167615, 1492472461, 1515, 1915, NULL, 1814, 26, 1, 1, 1, 221, NULL, NULL),
(4839553, 167618, 1492473587, 1515, 1644, NULL, 1814, 26, 1, 1, 1, 151, NULL, NULL),
(4839553, 167620, 1492474703, 1515, 1644, NULL, 1814, 26, 1, 1, 1, 221, NULL, NULL),
(4839553, 167623, 1492475610, 609, 1915, NULL, 114, 33, 1, 1, 1, 222, 13, NULL),
(4839553, 167624, 1492476620, 609, 1915, NULL, 114, 33, 1, 1, 1, 182, 13, NULL),
(4839553, 167626, 1492477659, 609, 1915, NULL, 98, 33, 1, 1, 1, 222, 13, NULL),
(4839553, 167630, 1492479586, 1918, 1915, NULL, 119, 2, 1, 1, 1, 113, 4, NULL),
(4839553, 167633, 1492482644, 1918, 1915, NULL, 119, 2, 1, 0, 1, 224, 4, NULL),
(4839553, 167634, 1492483615, 1918, 1915, NULL, 119, 2, 1, 1, 1, 117, 4, NULL),
(4839553, 167646, 1492484710, 609, 1915, NULL, 114, 33, 1, 1, 1, 222, 13, NULL),
(4839553, 167649, 1492485631, 2224, 1915, NULL, 105, 54, 1, 1, 1, 26, NULL, NULL),
(4839553, 167651, 1492486607, 2224, 1915, NULL, 105, 54, 1, 1, 1, 41, NULL, NULL),
(4839553, 167652, 1492487513, 2224, 1915, NULL, 105, 54, 1, 1, 1, 27, NULL, NULL),
(4839553, 167656, 1492488420, 2224, 1915, NULL, 105, 54, 1, 1, 1, 26, NULL, NULL),
(4839553, 167663, 1492490234, 1833, 1915, NULL, 99, 22, 1, 1, 1, 208, NULL, NULL),
(4839553, 167664, 1492491139, 1833, 1915, NULL, 99, 22, 1, 0, 1, 227, NULL, NULL),
(4839553, 167667, 1492492065, 1833, 1915, NULL, 99, 22, 1, 1, 1, 209, NULL, NULL),
(4839553, 167668, 1492493068, 1833, 1915, NULL, 99, 22, 1, 1, 1, 208, NULL, NULL),
(4839553, 167669, 1492494532, 1833, 1915, NULL, 99, 22, 1, 1, 1, 208, NULL, NULL),
(4839553, 167671, 1492496473, 1833, 1915, NULL, 99, 22, 1, 1, 1, 209, NULL, NULL),
(4839553, 167675, 1492497899, 609, 1915, NULL, 114, 33, 1, 0, 1, 106, 13, NULL),
(4839553, 167685, 1492506980, 2224, 1915, NULL, 105, 54, 1, 1, 1, 35, NULL, NULL),
(4839553, 167692, 1492512985, 2224, 1915, NULL, 105, 54, 1, 1, 1, 232, NULL, NULL),
(4839553, 167698, 1492519423, 1515, 1915, NULL, 586, 26, 1, 1, 1, 99, NULL, NULL),
(4839553, 167702, 1492522564, 1515, 1915, NULL, 586, 26, 1, 1, 1, 112, NULL, NULL),
(4839553, 167708, 1492527323, 1515, 1915, NULL, 586, 26, 1, 1, 1, 19, NULL, NULL),
(4839553, 167712, 1492530637, 1515, 1915, NULL, 586, 26, 1, 1, 1, 21, NULL, NULL),
(4839553, 167715, 1492532590, 1515, 1915, NULL, 586, 26, 1, 1, 1, 20, NULL, NULL),
(4839553, 167719, 1492534735, 2224, 1915, NULL, 105, 54, 1, 1, 1, 43, NULL, NULL),
(4839553, 167723, 1492535639, 2224, 1915, NULL, 105, 54, 1, 1, 1, 238, NULL, NULL),
(4839553, 167726, 1492536550, 2224, 1915, NULL, 105, 54, 1, 1, 1, 27, NULL, NULL),
(4839553, 167734, 1492540190, 2224, 1915, NULL, 105, 54, 1, 1, 1, 33, NULL, NULL),
(4839553, 167735, 1492541096, 2224, 1915, NULL, 105, 54, 1, 0, 1, 27, NULL, NULL),
(4839553, 167740, 1492542178, 2224, 1915, NULL, 105, 54, 1, 0, 1, 238, NULL, NULL),
(4839553, 167742, 1492543085, 2224, 1915, NULL, 105, 54, 1, 1, 1, 33, NULL, NULL),
(4839553, 167743, 1492543990, 2224, 1915, NULL, 105, 54, 1, 0, 1, 41, NULL, NULL),
(4839553, 167746, 1492544898, 2224, 1915, NULL, 105, 54, 1, 1, 1, 232, NULL, NULL),
(4839553, 167750, 1492545833, 2224, 1915, NULL, 105, 54, 1, 1, 1, 33, NULL, NULL),
(4839553, 167752, 1492546741, 609, 1915, NULL, 101, 27, 1, 0, 1, 244, NULL, NULL),
(4839553, 167753, 1492547646, 609, 1915, NULL, 101, 27, 1, 0, 1, 244, NULL, NULL),
(4839553, 167758, 1492549458, 609, 1915, NULL, 101, 27, 1, 1, 1, 246, NULL, NULL),
(4839553, 167767, 1492550427, 609, 1915, NULL, 114, 33, 1, 1, 1, 182, 13, NULL),
(4839553, 167768, 1492551513, 609, 1915, NULL, 114, 33, 1, 1, 1, 182, 13, NULL),
(4839553, 167769, 1492552488, 609, 1915, NULL, 114, 33, 1, 1, 1, 247, 13, NULL),
(4839553, 167774, 1492553394, 609, 1915, NULL, 114, 33, 1, 1, 1, 248, 13, NULL),
(4839553, 167778, 1492555438, 609, 1915, NULL, 114, 33, 1, 1, 1, 222, 13, NULL),
(4839553, 167779, 1492556345, 609, 1915, NULL, 114, 33, 1, 1, 1, 247, 13, NULL),
(4839553, 167782, 1492557284, 609, 1915, NULL, 114, 33, 1, 1, 1, 247, 13, NULL),
(4839553, 167784, 1492558332, 609, 1915, NULL, 114, 18, 1, 1, 1, 216, NULL, NULL),
(4839553, 167785, 1492559240, 609, 1915, NULL, 114, 18, 1, 1, 1, 214, NULL, NULL),
(4839553, 167787, 1492560153, 609, 1915, NULL, 114, 18, 1, 1, 1, 7, NULL, NULL),
(4839553, 167790, 1492561139, 609, 1915, NULL, 114, 18, 1, 1, 1, 39, NULL, NULL),
(4839553, 167792, 1492562081, 1005, 1915, NULL, 79, 11, 1, 1, 1, 249, NULL, NULL),
(4839553, 167793, 1492563011, 1005, 1915, NULL, 79, 11, 1, 1, 1, 156, NULL, NULL),
(4839553, 167795, 1492564762, 1005, 1915, NULL, 79, 11, 1, 1, 1, 249, NULL, NULL),
(4839553, 167796, 1492565678, 1005, 1915, NULL, 79, 11, 1, 1, 1, 125, NULL, NULL),
(4839553, 167797, 1492566821, 1005, 1915, NULL, 79, 11, 1, 1, 1, 120, NULL, NULL),
(4839553, 167799, 1492569826, 1005, 1915, NULL, 79, 11, 1, 1, 1, 171, NULL, NULL),
(4839553, 167801, 1492570816, 2224, 1915, NULL, 79, 11, 1, 1, 1, 116, NULL, NULL),
(4839553, 167807, 1492571876, 1918, 1915, NULL, 79, 11, 1, 1, 1, 249, NULL, NULL),
(4839553, 167811, 1492572956, 609, 1915, NULL, 114, 33, 1, 1, 1, 74, 13, NULL),
(4839553, 167812, 1492573872, 609, 1915, NULL, 114, 33, 1, 1, 1, 182, 13, NULL),
(4839553, 167815, 1492574892, 609, 1915, NULL, 114, 33, 1, 1, 1, 182, 13, NULL),
(4839553, 167818, 1492576722, 609, 1915, NULL, 114, 33, 1, 1, 1, 182, 13, NULL),
(4839553, 167819, 1492577713, 609, 1915, NULL, 114, 33, 1, 0, 1, 74, 13, NULL),
(4839553, 167824, 1492578616, 2224, 1915, NULL, 105, 54, 1, 1, 1, 33, NULL, NULL),
(4839553, 167826, 1492579627, 2224, 1915, NULL, 105, 54, 1, 1, 1, 225, NULL, NULL),
(4839553, 167831, 1492582605, 2224, 1915, NULL, 105, 54, 1, 1, 1, 232, NULL, NULL),
(4839553, 167841, 1492593254, 2225, 1915, NULL, 105, 54, 1, 1, 1, 46, NULL, NULL),
(4839553, 167849, 1492599692, 2224, 1915, NULL, 105, 54, 1, 1, 1, 40, NULL, NULL),
(4839553, 167850, 1492600866, 2224, 1915, NULL, 105, 54, 1, 1, 1, 46, NULL, NULL),
(4839553, 167852, 1492601939, 2224, 1915, NULL, 79, 11, 1, 0, 0, NULL, NULL, NULL),
(4839553, 167859, 1492605418, 2224, 1915, NULL, 79, 11, 1, 1, 1, 120, NULL, NULL),
(4839553, 167861, 1492606385, 2224, 1915, NULL, 79, 11, 1, 1, 1, 253, NULL, NULL),
(4839553, 167865, 1492608354, 609, 1915, NULL, 114, 33, 1, 1, 1, 182, 13, NULL),
(4839553, 167866, 1492609261, 609, 1915, NULL, 114, 33, 1, 1, 1, 182, 13, NULL),
(4839553, 167870, 1492610255, 609, 1915, NULL, 114, 33, 1, 1, 1, 182, 13, NULL),
(4839553, 167872, 1492611169, 609, 1915, NULL, 114, 33, 1, 1, 1, 182, 13, NULL),
(4839553, 167873, 1492612074, 609, 1915, NULL, 114, 33, 1, 1, 1, 106, 13, NULL),
(4839553, 167874, 1492613063, 609, 1915, NULL, 114, 33, 1, 1, 1, 248, 13, NULL),
(4839553, 167877, 1492614009, 609, 1915, NULL, 114, 33, 1, 1, 1, 248, 13, NULL),
(4839553, 167878, 1492615279, 609, 1915, NULL, 114, 33, 1, 1, 1, 248, 13, NULL),
(4839553, 167880, 1492616226, 609, 1915, NULL, 114, 33, 1, 1, 1, 74, 13, NULL),
(4839553, 167881, 1492617161, 609, 1915, NULL, 114, 33, 1, 1, 1, 247, 13, NULL),
(4839553, 167884, 1492618103, 609, 1915, NULL, 114, 33, 1, 0, 1, 247, 13, NULL),
(4839553, 167886, 1492619105, 1515, 1915, NULL, 1340, 45, 1, 1, 1, 262, NULL, NULL),
(4839553, 167891, 1492620008, 1515, 1915, NULL, 1340, 45, 1, 1, 1, 255, NULL, NULL),
(4839553, 167896, 1492621905, 1515, 1915, NULL, 1340, 45, 1, 0, 1, 263, NULL, NULL),
(4839553, 167898, 1492623741, 1515, 1915, NULL, 1340, 45, 1, 1, 1, 264, NULL, NULL),
(4839553, 167903, 1492625930, 609, 1915, NULL, 114, 33, 1, 1, 1, 248, 13, NULL),
(4839553, 167904, 1492626953, 609, 1915, NULL, 114, 33, 1, 1, 1, 247, 13, NULL),
(4839553, 167907, 1492627887, 609, 1915, NULL, 114, 33, 1, 1, 1, 247, 13, NULL),
(4839553, 167912, 1492629706, 609, 1915, NULL, 114, 33, 1, 1, 1, 74, 13, NULL),
(4839553, 167913, 1492630636, 609, 1915, NULL, 114, 33, 1, 1, 1, 247, 13, NULL),
(4839553, 167915, 1492631542, 609, 1915, NULL, 114, 33, 1, 1, 1, 247, 13, NULL),
(4839553, 167918, 1492632532, 609, 1915, NULL, 114, 33, 1, 0, 1, 247, 13, NULL),
(4839553, 167919, 1492633436, 1833, 1915, NULL, 114, 33, 1, 1, 1, 247, 13, NULL),
(4839553, 167920, 1492634349, 1833, 1915, NULL, 114, 33, 1, 1, 1, 247, 13, NULL),
(4839553, 167923, 1492635297, 1833, 1915, NULL, 114, 33, 1, 1, 1, 247, 13, NULL),
(4839553, 167928, 1492636243, 1833, 1915, NULL, 114, 33, 1, 1, 1, 220, 13, NULL),
(4839553, 167929, 1492637157, 1833, 1915, NULL, 114, 33, 1, 1, 1, 247, 13, NULL),
(4839553, 167932, 1492638070, 2224, 1915, NULL, 79, 11, 1, 1, 1, 249, NULL, NULL),
(4839553, 167933, 1492639048, 2224, 1915, NULL, 79, 11, 1, 1, 1, 158, NULL, NULL),
(4839553, 167935, 1492640103, 2224, 1915, NULL, 79, 11, 1, 0, 1, 178, NULL, NULL),
(4839553, 167936, 1492641064, 2224, 1915, NULL, 79, 11, 1, 1, 1, 249, NULL, NULL),
(4839553, 167937, 1492642238, 2224, 1915, NULL, 79, 11, 1, 1, 1, 120, NULL, NULL),
(4839553, 167940, 1492643255, 1515, 1915, NULL, 586, 26, 1, 1, 1, 17, NULL, '1.7'),
(4839553, 167941, 1492644183, 1515, 1915, NULL, 586, 26, 1, 1, 1, 19, NULL, '1.7'),
(4839553, 167942, 1492645297, 1515, 1915, NULL, 114, 26, 1, 1, 1, 177, NULL, '1.7'),
(4839553, 167951, 1492651502, 1515, 1915, NULL, 586, 26, 1, 1, 1, 24, NULL, '1.7'),
(4839553, 167956, 1492653410, 1515, 1915, NULL, 114, 26, 1, 1, 1, 138, NULL, '1.7'),
(4839553, 167965, 1492657161, 1833, 1915, NULL, 114, 20, 1, 1, 1, 272, NULL, '1.7'),
(4839553, 167978, 1492661399, 2224, 1915, NULL, 79, 11, 1, 1, 1, 171, NULL, '1.7'),
(4839553, 167979, 1492662537, 2224, 1915, NULL, 79, 11, 1, 1, 1, 156, NULL, '1.7'),
(4839553, 167980, 1492663445, 1005, 1915, NULL, 79, 11, 1, 1, 1, 158, NULL, '1.7'),
(4839553, 167982, 1492664383, 1005, 1915, NULL, 79, 33, 1, 0, 0, NULL, 13, '1.7'),
(4839553, 167984, 1492665292, 609, 1915, NULL, 114, 33, 1, 0, 1, 247, 13, '1.7'),
(4839553, 167989, 1492668715, 609, 1915, NULL, 114, 33, 1, 1, 1, 247, 13, '1.7'),
(4839553, 167990, 1492669693, 609, 1915, NULL, 114, 33, 1, 1, 1, 247, 13, '1.7'),
(4839553, 167991, 1492670978, 609, 1915, NULL, 114, 33, 1, 0, 1, 247, 13, '1.7'),
(4839553, 167995, 1492678352, 609, 1915, NULL, 114, 33, 1, 1, 1, 248, 13, '1.7'),
(4839553, 167998, 1492679265, 2224, 1915, NULL, 105, 54, 1, 1, 1, 47, NULL, '1.7'),
(4839553, 168004, 1492686339, 2224, 1915, NULL, 105, 54, 1, 1, 1, 40, NULL, '1.7'),
(4839553, 168011, 1492692798, 2224, 1915, NULL, 105, 54, 1, 1, 1, 46, NULL, '1.7'),
(4839553, 168014, 1492694873, 2224, 1915, NULL, 105, 54, 1, 0, 1, 47, NULL, '1.7'),
(4839553, 168025, 1492700464, 2224, 1915, NULL, 105, 54, 1, 1, 1, 47, NULL, '1.7'),
(4839553, 168026, 1492701375, 2224, 1915, NULL, 105, 54, 1, 1, 1, 35, NULL, '1.7'),
(4839553, 168028, 1492702282, 2224, 1915, NULL, 105, 54, 1, 1, 1, 48, NULL, '1.7'),
(4839553, 168042, 1492704229, 2224, 1915, NULL, 105, 54, 1, 1, 1, 40, NULL, '1.7'),
(4839553, 168051, 1492707465, 2224, 1915, NULL, 105, 54, 1, 1, 1, 47, NULL, '1.7'),
(4839553, 168066, 1492709314, 2224, 1915, NULL, 105, 54, 1, 0, 1, 43, NULL, '1.7'),
(4839553, 168069, 1492710238, 2224, 1915, NULL, 105, 54, 1, 1, 1, 48, NULL, '1.7'),
(4839553, 168071, 1492711143, 2224, 1915, NULL, 105, 54, 1, 1, 1, 46, NULL, '1.7'),
(4839553, 168078, 1492714260, 2224, 1915, NULL, 105, 54, 1, 1, 1, 225, NULL, '1.7'),
(4839553, 168081, 1492715167, 2224, 1915, NULL, 105, 54, 1, 0, 1, 46, NULL, '1.7'),
(5277495, 1214, 1492006954, 1515, 1073, 851, 586, 26, 1, 1, 1, 17, NULL, NULL),
(5277495, 1222, 1492007866, 1515, 1073, 851, 586, 26, 1, 1, 1, 23, NULL, NULL),
(5277495, 1223, 1492008769, 1515, 1073, 851, 586, 26, 1, 1, 1, 21, NULL, NULL),
(5277495, 1227, 1492009696, 1515, 1073, 851, 114, 18, 1, 1, 1, 37, NULL, NULL),
(5277495, 1228, 1492010704, 1515, 1073, 851, 114, 18, 1, 1, 1, 39, NULL, NULL),
(5277495, 1234, 1492011699, 1515, 1073, 851, 98, 13, 1, 1, 1, 11, NULL, NULL),
(5277495, 1237, 1492012618, 2225, 1073, 851, 2226, 54, 1, 1, 1, 26, NULL, NULL),
(5277495, 1747, 1492225800, 2135, 1073, NULL, 79, 11, 1, 1, 1, 116, NULL, NULL),
(5277495, 1756, 1492228583, 2135, 1073, NULL, 79, 11, 1, 1, 1, 120, NULL, NULL),
(5277495, 1761, 1492229483, 2299, 1073, NULL, 114, 44, 1, 1, 1, 121, NULL, NULL),
(5277495, 1766, 1492230704, 2299, 1073, NULL, 114, 44, 1, 1, 1, 122, NULL, NULL),
(5277495, 1768, 1492231647, 2299, 1073, NULL, 114, 44, 1, 1, 1, 124, NULL, NULL),
(5277495, 1769, 1492232549, 2299, 1073, NULL, 114, 44, 1, 1, 1, 126, NULL, NULL),
(5277495, 1773, 1492234440, 2299, 1073, NULL, 114, 44, 1, 1, 1, 126, NULL, NULL),
(5277495, 1832, 1492262554, 2299, 1073, NULL, 114, 44, 1, 1, 1, 128, NULL, NULL),
(5277495, 1843, 1492264374, 2299, 1073, NULL, 114, 44, 1, 1, 1, 128, NULL, NULL),
(5277495, 1844, 1492265278, 2299, 1073, NULL, 114, 44, 1, 1, 1, 128, NULL, NULL),
(5277495, 1845, 1492266183, 2299, 1073, NULL, 114, 44, 1, 1, 1, 129, NULL, NULL),
(5277495, 1849, 1492267091, 2299, 1073, NULL, 114, 44, 1, 1, 1, 130, NULL, NULL),
(5277495, 1887, 1492303707, 1549, 1073, NULL, 1426, 49, 1, 1, 1, 143, NULL, NULL),
(5277495, 1891, 1492305013, 1549, 1073, NULL, 1426, 49, 1, 1, 1, 145, NULL, NULL),
(5277495, 1892, 1492305944, 1549, 1073, NULL, 1426, 49, 1, 0, 1, 143, NULL, NULL),
(5277495, 1900, 1492306856, 1549, 1073, NULL, 1426, 49, 1, 1, 1, 146, NULL, NULL),
(5277495, 1901, 1492307772, 1549, 1073, NULL, 1426, 49, 1, 0, 1, 147, NULL, NULL),
(5277495, 1904, 1492308696, 1549, 1073, NULL, 1426, 49, 1, 1, 1, 147, NULL, NULL),
(5277495, 1905, 1492309791, 1549, 1073, NULL, 1426, 49, 1, 0, 1, 148, NULL, NULL),
(5277495, 1909, 1492310702, 1549, 1073, NULL, 1426, 49, 1, 1, 1, 150, NULL, NULL),
(5277495, 1911, 1492311618, 1549, 1073, NULL, 1426, 49, 1, 1, 1, 152, NULL, NULL),
(5277495, 1930, 1492316638, 1549, 1073, NULL, 1426, 49, 1, 1, 1, 148, NULL, NULL),
(5277495, 1936, 1492317560, 1549, 1073, NULL, 1426, 49, 1, 1, 1, 145, NULL, NULL),
(5277495, 1938, 1492318465, 1549, 1073, NULL, 1426, 49, 1, 1, 1, 146, NULL, NULL),
(5277495, 1940, 1492319411, 1549, 1073, NULL, 1426, 49, 1, 1, 1, 152, NULL, NULL),
(5277495, 1943, 1492320371, 1549, 1073, NULL, 1426, 49, 1, 1, 1, 152, NULL, NULL),
(5277495, 1948, 1492321277, 2134, 1073, NULL, 1646, 49, 1, 0, 1, 157, NULL, NULL),
(5277495, 1969, 1492326782, 1833, 1073, NULL, 1386, 21, 1, 0, 1, 160, NULL, NULL),
(5277495, 1970, 1492327708, 609, 1073, NULL, 1386, 21, 1, 0, 1, 160, NULL, NULL),
(5277495, 1980, 1492329756, 2135, 1073, NULL, 79, 1, 1, 1, 1, 91, NULL, NULL),
(5277495, 1982, 1492330691, 1916, 1073, NULL, 111, 1, 1, 0, 1, 161, NULL, NULL),
(5277495, 1985, 1492331593, 1916, 1073, NULL, 111, 1, 1, 1, 1, 162, NULL, NULL),
(5277495, 1986, 1492332499, 1916, 1073, NULL, 108, 1, 1, 1, 1, 163, NULL, NULL),
(5277495, 1987, 1492333433, 1916, 1073, NULL, 108, 1, 1, 1, 1, 164, NULL, NULL),
(5277495, 1988, 1492334345, 1916, 1073, NULL, 111, 1, 1, 0, 1, 161, NULL, NULL),
(5277495, 1990, 1492335281, 1916, 1073, NULL, 111, 1, 1, 1, 1, 116, NULL, NULL),
(5277495, 1991, 1492336289, 1916, 1073, NULL, 111, 1, 1, 0, 1, 165, NULL, NULL),
(5277495, 1992, 1492337201, 1916, 1073, NULL, 111, 1, 1, 1, 1, 165, NULL, NULL),
(5277495, 1995, 1492338116, 1916, 1073, NULL, 111, 1, 1, 1, 1, 116, NULL, NULL),
(5277495, 1998, 1492339025, 1916, 1073, NULL, 111, 1, 1, 1, 1, 166, NULL, NULL),
(5277495, 2004, 1492340930, 1916, 1073, NULL, 1733, 51, 1, 1, 1, 167, 9, NULL),
(5277495, 2005, 1492342027, 1916, 1073, NULL, 1733, 51, 1, 0, 1, 167, 9, NULL),
(5277495, 2008, 1492343110, 1916, 1073, NULL, 1733, 51, 1, 1, 1, 167, 9, NULL),
(5277495, 2023, 1492344927, 2135, 2094, NULL, 1009, 41, 1, 1, 1, 80, NULL, NULL),
(5277495, 2034, 1492345885, 1515, 899, NULL, 114, 40, 1, 1, 1, 168, 10, NULL),
(5277495, 2037, 1492346794, 1515, 899, NULL, 114, 40, 1, 1, 1, 169, 11, NULL),
(5277495, 2040, 1492347696, 1515, 899, NULL, 114, 40, 1, 1, 1, 168, 11, NULL),
(5277495, 2042, 1492348597, 1515, 899, NULL, 114, 40, 1, 1, 1, 168, 11, NULL),
(5277495, 2046, 1492349505, 1515, 899, NULL, 114, 40, 1, 1, 1, 172, 11, NULL),
(5277495, 2048, 1492350580, 1515, 899, NULL, 114, 40, 1, 1, 1, 174, 11, NULL),
(5277495, 2050, 1492351483, 1515, 899, NULL, 114, 40, 1, 1, 1, 174, 11, NULL),
(5277495, 2052, 1492352541, 1515, 899, NULL, 114, 40, 1, 1, 1, 172, 11, NULL),
(5277495, 2056, 1492353772, 1515, 899, NULL, 114, 40, 1, 1, 1, 168, 11, NULL),
(5277495, 2058, 1492354697, 1515, 899, NULL, 114, 40, 1, 1, 1, 172, 11, NULL),
(5277495, 2065, 1492357538, 1515, 899, NULL, 114, 40, 1, 1, 1, 172, 12, NULL),
(5277495, 2068, 1492358681, 1515, 899, NULL, 114, 40, 1, 0, 1, 175, 12, NULL),
(5277495, 2069, 1492359657, 1515, 1915, NULL, 114, 40, 1, 0, 1, 175, 12, NULL),
(5277495, 2071, 1492360559, 1515, 1915, NULL, 114, 40, 1, 0, 1, 175, 12, NULL),
(5277495, 2141, 1492410826, 1833, 1915, NULL, 114, 8, 1, 1, 1, 201, NULL, '1.6'),
(5277495, 2147, 1492411732, 676, 1915, NULL, 114, 36, 1, 1, 1, 202, NULL, '1.6'),
(5277495, 2149, 1492412635, 676, 1915, NULL, 114, 36, 1, 1, 1, 204, NULL, '1.6'),
(5277495, 2150, 1492413537, 676, 1915, NULL, 114, 36, 1, 1, 1, 84, NULL, '1.6'),
(5277495, 2152, 1492414449, 676, 1915, NULL, 114, 36, 1, 1, 1, 204, NULL, '1.6'),
(5277495, 2160, 1492415357, 676, 1915, NULL, 114, 36, 1, 1, 1, 205, NULL, '1.6'),
(5277495, 2162, 1492416261, 1833, 1915, NULL, 99, 5, 1, 1, 1, 206, NULL, '1.6'),
(5277495, 2165, 1492417164, 1515, 1915, NULL, 112, 5, 1, 1, 1, 207, NULL, '1.6'),
(5277495, 2170, 1492418067, 1833, 1915, NULL, 99, 22, 1, 1, 1, 208, NULL, '1.6'),
(5277495, 2172, 1492418970, 1833, 1915, NULL, 99, 22, 1, 1, 1, 208, NULL, '1.6'),
(5277495, 2174, 1492419873, 1833, 1915, NULL, 99, 22, 1, 1, 1, 209, NULL, '1.6'),
(5277495, 2176, 1492420897, 1833, 1915, NULL, 99, 22, 1, 1, 1, 208, NULL, '1.6'),
(5277495, 2181, 1492422686, 1916, 1915, NULL, 119, 2, 1, 1, 1, 117, 4, '1.6'),
(5277495, 2182, 1492423593, 1916, 1915, NULL, 119, 2, 1, 1, 1, 117, 4, '1.6'),
(5277495, 2268, 1492480658, 609, 1915, NULL, 114, 34, 1, 1, 1, 103, NULL, '1.6'),
(5277495, 2269, 1492481564, 609, 1915, NULL, 114, 34, 1, 0, 1, 103, NULL, '1.6'),
(5277495, 2270, 1492482470, 1833, 1915, NULL, 114, 34, 1, 1, 1, 223, NULL, '1.6'),
(5277495, 2272, 1492483370, 1833, 1915, NULL, 114, 34, 1, 1, 1, 109, NULL, '1.6'),
(5277495, 2273, 1492484300, 1833, 1915, NULL, 114, 34, 1, 0, 1, 223, NULL, '1.6'),
(5277495, 2277, 1492485216, 1833, 1915, NULL, 114, 34, 1, 0, 1, 226, NULL, '1.6'),
(5277495, 2278, 1492486120, 1833, 1915, NULL, 114, 34, 1, 0, 1, 223, NULL, '1.6'),
(5277495, 2281, 1492487026, 1833, 1915, NULL, 114, 34, 1, 0, 1, 107, NULL, '1.6'),
(5277495, 2283, 1492487956, 1833, 1915, NULL, 114, 34, 1, 1, 1, 109, NULL, '1.6'),
(5277495, 2284, 1492488919, 1833, 1915, NULL, 114, 34, 1, 1, 1, 223, NULL, '1.6'),
(5277495, 2286, 1492489833, 1833, 1915, NULL, 114, 34, 1, 1, 1, 223, NULL, '1.6'),
(5277495, 2289, 1492490734, 1916, 1915, NULL, 119, 2, 1, 1, 1, 114, 4, '1.6'),
(5277495, 2300, 1492492044, 1916, 1915, NULL, 119, 2, 1, 1, 1, 113, 4, '1.6'),
(5277495, 2315, 1492501284, 1833, 1915, NULL, 114, 34, 1, 1, 1, 105, NULL, '1.6'),
(5277495, 2316, 1492502195, 1833, 1915, NULL, 114, 34, 1, 0, 1, 226, NULL, '1.6'),
(5277495, 2318, 1492503111, 1833, 1915, NULL, 106, 23, 1, 0, 1, 228, NULL, '1.6'),
(5277495, 2319, 1492504029, 1833, 1915, NULL, 106, 23, 1, 1, 1, 228, NULL, '1.6'),
(5277495, 2327, 1492504930, 1515, 2094, NULL, 98, 35, 1, 0, 0, NULL, 15, '1.6'),
(5277495, 2337, 1492505862, 1515, 2094, NULL, 1008, 35, 1, 0, 1, 229, 15, '1.6'),
(5277495, 2340, 1492506764, 1515, 2094, NULL, 1008, 35, 1, 1, 1, 230, NULL, '1.6');
INSERT INTO `hunts` (`user_id`, `entry_id`, `timestamp`, `trap_id`, `base_id`, `charm_id`, `cheese_id`, `location_id`, `shield`, `caught`, `attracted`, `mouse_id`, `stage_id`, `extension_version`) VALUES
(5277495, 2343, 1492507670, 1833, 1915, NULL, 114, 34, 1, 0, 1, 226, NULL, '1.6'),
(5277495, 2345, 1492508584, 1833, 1915, NULL, 114, 34, 1, 1, 1, 109, NULL, '1.6'),
(5277495, 2346, 1492509498, 1833, 1915, NULL, 114, 34, 1, 1, 1, 103, NULL, '1.6'),
(5277495, 2347, 1492510411, 1833, 1915, NULL, 114, 34, 1, 1, 1, 231, NULL, '1.6'),
(5277495, 2349, 1492511330, 1833, 1915, NULL, 114, 34, 1, 1, 1, 223, NULL, '1.6'),
(5277495, 2370, 1492520530, 1515, 1915, NULL, 98, 26, 1, 1, 1, 179, NULL, '1.6'),
(5277495, 2374, 1492521435, 2225, 2094, NULL, 1009, 42, 1, 1, 1, 233, NULL, '1.6'),
(5277495, 2376, 1492522408, 2225, 2094, NULL, 1009, 42, 1, 0, 1, 234, NULL, '1.6'),
(5277495, 2377, 1492523309, 2225, 1915, NULL, 1009, 42, 1, 1, 1, 235, NULL, '1.6'),
(5277495, 2378, 1492524332, 2225, 1915, NULL, 1009, 42, 1, 1, 1, 236, NULL, '1.6'),
(5277495, 2379, 1492525237, 2225, 1915, NULL, 1009, 42, 1, 1, 1, 234, NULL, '1.6'),
(5277495, 2381, 1492526349, 2225, 1915, NULL, 1009, 42, 1, 0, 1, 234, NULL, '1.6'),
(5277495, 2383, 1492527267, 2225, 1915, NULL, 1009, 42, 1, 1, 1, 236, NULL, '1.6'),
(5277495, 2384, 1492528176, 2225, 1915, NULL, 1009, 42, 1, 1, 1, 234, NULL, '1.6'),
(5277495, 2386, 1492529082, 2225, 1915, NULL, 1009, 42, 1, 0, 1, 236, NULL, '1.6'),
(5277495, 2389, 1492530017, 2225, 1915, NULL, 1009, 42, 1, 1, 1, 235, NULL, '1.6'),
(5277495, 2391, 1492530919, 2225, 1915, NULL, 1009, 42, 1, 0, 1, 233, NULL, '1.6'),
(5277495, 2392, 1492531889, 2225, 1915, NULL, 1009, 42, 1, 1, 1, 235, NULL, '1.6'),
(5277495, 2393, 1492532791, 2225, 1915, NULL, 1009, 42, 1, 0, 1, 236, NULL, '1.6'),
(5277495, 2395, 1492533731, 2225, 1915, NULL, 1009, 42, 1, 1, 1, 234, NULL, '1.6'),
(5277495, 2397, 1492534633, 2225, 2094, NULL, 1009, 42, 1, 1, 1, 237, NULL, '1.6'),
(5277495, 2459, 1492565803, 354, 1915, NULL, 114, 32, 1, 1, 1, 51, NULL, '1.6'),
(5277495, 2466, 1492566705, 354, 1915, NULL, 114, 32, 1, 1, 1, 44, NULL, '1.6'),
(5277495, 2468, 1492567611, 354, 1915, NULL, 114, 32, 1, 1, 1, 51, NULL, '1.6'),
(5277495, 2470, 1492568513, 354, 1915, NULL, 114, 32, 1, 1, 1, 51, NULL, '1.6'),
(5277495, 2475, 1492569417, 369, 1915, NULL, 114, 32, 1, 1, 1, 52, NULL, '1.6'),
(5277495, 2488, 1492573493, 369, 1915, NULL, 114, 32, 1, 1, 1, 57, NULL, '1.6'),
(5277495, 2492, 1492574419, 369, 1915, NULL, 114, 32, 1, 0, 1, 57, NULL, '1.6'),
(5277495, 2493, 1492575324, 369, 1915, NULL, 114, 32, 1, 1, 1, 44, NULL, '1.6'),
(5277495, 2495, 1492576227, 369, 1915, NULL, 114, 32, 1, 1, 1, 62, NULL, '1.6'),
(5277495, 2496, 1492577137, 1833, 1915, NULL, 371, 32, 1, 1, 1, 52, NULL, '1.6'),
(5277495, 2498, 1492578046, 1833, 1915, NULL, 371, 32, 1, 1, 1, 251, NULL, '1.6'),
(5277495, 2523, 1492588363, 1515, 1915, NULL, 98, 26, 1, 1, 1, 149, NULL, '1.6'),
(5277495, 2525, 1492589265, 1515, 1915, NULL, 98, 26, 1, 1, 1, 221, NULL, '1.6'),
(5277495, 2528, 1492590169, 609, 1915, NULL, 114, 33, 1, 1, 1, 70, 2, '1.6'),
(5277495, 2530, 1492591112, 609, 1915, NULL, 114, 33, 1, 1, 1, 252, 2, '1.6'),
(5277495, 2531, 1492592014, 609, 1915, NULL, 114, 33, 1, 1, 1, 252, 2, '1.6'),
(5277495, 2533, 1492592916, 609, 1915, NULL, 114, 33, 1, 1, 1, 252, 2, '1.6'),
(5277495, 2537, 1492595502, 609, 1915, NULL, 114, 33, 1, 1, 1, 252, 2, '1.6'),
(5277495, 2539, 1492596431, 609, 1915, NULL, 114, 33, 1, 1, 1, 252, 2, '1.6'),
(5277495, 2576, 1492611094, 1515, 1915, NULL, 98, 26, 1, 1, 1, 138, NULL, '1.6'),
(5277495, 2582, 1492611996, 1515, 1915, NULL, 1814, 26, 1, 1, 1, 151, NULL, '1.6'),
(5277495, 2590, 1492612898, 1515, 1915, NULL, 1814, 26, 1, 1, 1, 159, NULL, '1.6'),
(5277495, 2594, 1492613816, 1515, 1915, NULL, 114, 13, 1, 1, 1, 256, NULL, '1.6'),
(5277495, 2598, 1492614723, 1515, 1915, NULL, 114, 20, 1, 1, 1, 257, NULL, '1.6'),
(5277495, 2599, 1492615624, 1515, 1915, NULL, 114, 20, 1, 1, 1, 258, NULL, '1.6'),
(5277495, 2602, 1492616536, 1833, 1915, NULL, 114, 20, 1, 1, 1, 260, NULL, '1.6'),
(5277495, 2603, 1492617440, 1833, 1915, NULL, 114, 20, 1, 1, 1, 261, NULL, '1.6'),
(5277495, 2636, 1492652177, 1515, 1915, NULL, 1340, 16, 1, 1, 1, 127, NULL, '1.6'),
(5277495, 2638, 1492653091, 1515, 1915, NULL, 1340, 45, 1, 1, 1, 270, NULL, '1.6'),
(5277495, 2640, 1492654998, 1515, 1915, NULL, 1340, 45, 1, 1, 1, 271, NULL, '1.6'),
(5277495, 2649, 1492659839, 1515, 1915, NULL, 1340, 45, 1, 0, 1, 264, NULL, '1.7'),
(5277495, 2650, 1492660743, 1515, 1915, NULL, 1340, 45, 1, 1, 1, 274, NULL, '1.7'),
(5277495, 2653, 1492661647, 1833, 1915, NULL, 114, 20, 1, 1, 1, 273, NULL, '1.7'),
(5277495, 2661, 1492662556, 1833, 1915, NULL, 114, 20, 1, 1, 1, 38, NULL, '1.7'),
(5277495, 2663, 1492663462, 1833, 1915, NULL, 114, 20, 1, 1, 1, 273, NULL, '1.7'),
(5277495, 2665, 1492664368, 1515, 1915, NULL, 114, 13, 1, 1, 1, 272, NULL, '1.7'),
(5277495, 2679, 1492670597, 1515, 1915, NULL, 114, 13, 1, 1, 1, 276, NULL, '1.7'),
(5277495, 2680, 1492671510, 1515, 1915, NULL, 114, 13, 1, 1, 1, 277, NULL, '1.7'),
(5277495, 2682, 1492672454, 1515, 1915, NULL, 114, 13, 1, 1, 1, 278, NULL, '1.7'),
(5277495, 2684, 1492673356, 1515, 1915, NULL, 114, 13, 1, 1, 1, 212, NULL, '1.7'),
(5277495, 2687, 1492674274, 1515, 1915, NULL, 114, 13, 1, 1, 1, 11, NULL, '1.7'),
(5277495, 2688, 1492675181, 1515, 1915, NULL, 114, 13, 1, 1, 1, 138, NULL, '1.7'),
(5277495, 2689, 1492676084, 1515, 1915, NULL, 114, 13, 1, 1, 1, 11, NULL, '1.7'),
(5277495, 2691, 1492677001, 1515, 1915, NULL, 114, 13, 1, 1, 1, 279, NULL, '1.7'),
(5277495, 2692, 1492677910, 1515, 1915, NULL, 114, 13, 1, 1, 1, 138, NULL, '1.7'),
(5277495, 2694, 1492678882, 1515, 1915, NULL, 114, 13, 1, 1, 1, 280, NULL, '1.7'),
(5277495, 2696, 1492679959, 1515, 1915, NULL, 114, 13, 1, 1, 1, 173, NULL, '1.7'),
(5277495, 2699, 1492680861, 1515, 1915, NULL, 114, 13, 1, 1, 1, 170, NULL, '1.7'),
(5277495, 2701, 1492681764, 1515, 1915, NULL, 114, 13, 1, 1, 1, 138, NULL, '1.7'),
(5277495, 2703, 1492682688, 1515, 1915, NULL, 1340, 45, 1, 0, 1, 259, NULL, '1.7'),
(6784428, 151538, 1491936772, 1916, 1644, 1735, 1732, 50, 1, 1, 1, 1, NULL, NULL),
(6784428, 151540, 1491937682, 1916, 1644, 1735, 1732, 50, 1, 0, 1, 2, NULL, NULL),
(6784428, 151543, 1491938594, 1916, 1644, 1735, 1732, 50, 1, 1, 1, 1, NULL, NULL),
(6784428, 151544, 1491939496, 1916, 1644, 1735, 1732, 50, 1, 0, 1, 2, NULL, NULL),
(6784428, 151550, 1491942312, 1916, 1644, 1735, 1732, 50, 1, 1, 1, 3, NULL, NULL),
(6784428, 151555, 1491945107, 1916, 1644, 1735, 1732, 50, 1, 0, 1, 2, NULL, NULL),
(6784428, 151557, 1491946051, 1916, 1644, 1735, 1732, 50, 1, 1, 1, 1, NULL, NULL),
(6784428, 151558, 1491946955, 1916, 1644, 1735, 1732, 50, 1, 1, 1, 3, NULL, NULL),
(6784428, 151561, 1491947856, 1916, 1644, 1735, 1732, 50, 1, 1, 1, 1, NULL, NULL),
(6784428, 151564, 1491948767, 1916, 1644, 1735, 1732, 50, 1, 1, 1, 1, NULL, NULL),
(6784428, 151569, 1491950642, 2137, 1644, NULL, 98, 54, 1, 0, 0, NULL, NULL, NULL),
(6784428, 151571, 1491951549, 2137, 1644, NULL, 98, 54, 1, 1, 1, 10, NULL, NULL),
(6784428, 151583, 1491956276, 1004, 1644, NULL, 2226, 54, 1, 1, 1, 15, NULL, NULL),
(6784428, 151630, 1491970655, 1004, 1644, NULL, 2226, 54, 1, 1, 1, 26, NULL, NULL),
(6784428, 151632, 1491971564, 1004, 1644, NULL, 2226, 54, 1, 1, 1, 27, NULL, NULL),
(6784428, 151637, 1491973376, 1004, 1644, NULL, 2226, 54, 1, 1, 1, 15, NULL, NULL),
(6784428, 151656, 1491996664, 1004, 1644, NULL, 2226, 54, 1, 1, 1, 33, NULL, NULL),
(6784428, 151664, 1492000423, 1004, 1644, NULL, 2226, 54, 1, 1, 1, 35, NULL, NULL),
(6784428, 151671, 1492002235, 1004, 1644, NULL, 2226, 54, 1, 0, 0, NULL, NULL, NULL),
(6784428, 151679, 1492005008, 1004, 1644, NULL, 2226, 54, 1, 1, 1, 15, NULL, NULL),
(6784428, 151686, 1492007784, 1004, 1644, NULL, 2226, 54, 1, 1, 1, 15, NULL, NULL),
(6784428, 151690, 1492008687, 1004, 1644, NULL, 98, 54, 1, 1, 1, 15, NULL, NULL),
(6784428, 151692, 1492009594, 1004, 1644, NULL, 98, 54, 1, 1, 1, 26, NULL, NULL),
(6784428, 151693, 1492010507, 1004, 1644, NULL, 81, 54, 1, 0, 0, NULL, NULL, NULL),
(6784428, 151695, 1492011410, 1004, 1644, NULL, 2226, 54, 1, 1, 1, 40, NULL, NULL),
(6784428, 151704, 1492012324, 1004, 1644, NULL, 2226, 54, 1, 1, 1, 41, NULL, NULL),
(6784428, 151717, 1492015359, 1005, 1644, NULL, 2226, 54, 1, 1, 1, 33, NULL, NULL),
(6784428, 151727, 1492016293, 1005, 1644, NULL, 2226, 54, 1, 1, 1, 26, NULL, NULL),
(6784428, 151732, 1492017201, 1005, 1644, NULL, 2226, 54, 1, 1, 1, 43, NULL, NULL),
(6784428, 151736, 1492018108, 1005, 1644, NULL, 2226, 54, 1, 0, 1, 46, NULL, NULL),
(6784428, 151750, 1492020152, 1005, 1644, NULL, 2226, 54, 1, 0, 1, 47, NULL, NULL),
(6784428, 151755, 1492021063, 1005, 1644, NULL, 2226, 54, 1, 1, 1, 48, NULL, NULL),
(6784428, 151759, 1492021977, 1005, 1644, NULL, 2226, 54, 1, 1, 1, 47, NULL, NULL),
(6784428, 151767, 1492022945, 1005, 1644, NULL, 2226, 54, 1, 1, 1, 26, NULL, NULL),
(6784428, 151793, 1492027671, 1005, 1644, NULL, 2226, 54, 1, 0, 1, 49, NULL, NULL),
(6784428, 151798, 1492028584, 1005, 1644, NULL, 2226, 54, 1, 0, 0, NULL, NULL, NULL),
(6784428, 151803, 1492029503, 1005, 1644, NULL, 2226, 54, 1, 1, 1, 48, NULL, NULL),
(6784428, 151813, 1492030408, 1005, 1644, NULL, 2226, 54, 1, 1, 1, 49, NULL, NULL),
(6784428, 151826, 1492033317, 1005, 1644, NULL, 2226, 54, 1, 0, 1, 49, NULL, NULL),
(6784428, 151839, 1492035232, 1005, 1644, NULL, 2226, 54, 1, 1, 1, 49, NULL, NULL),
(6784428, 151843, 1492036140, 1005, 1644, NULL, 2226, 54, 1, 1, 1, 48, NULL, NULL),
(6784428, 151851, 1492037160, 1005, 1644, NULL, 2226, 54, 1, 1, 1, 48, NULL, NULL),
(6784428, 151855, 1492038069, 1005, 1644, NULL, 2226, 54, 1, 1, 1, 48, NULL, NULL),
(6784428, 151859, 1492038976, 1005, 1644, NULL, 2226, 54, 1, 1, 1, 48, NULL, NULL),
(6784428, 151864, 1492039884, 1005, 1644, 1476, 2226, 54, 1, 1, 1, 54, NULL, NULL),
(6784428, 151868, 1492040795, 1005, 1644, 1476, 2226, 54, 1, 1, 1, 55, NULL, NULL),
(6784428, 151878, 1492043715, 1005, 1644, 1476, 2226, 54, 1, 1, 1, 55, NULL, NULL),
(6784428, 151883, 1492044631, 1005, 1644, 1476, 2226, 54, 1, 1, 1, 54, NULL, NULL),
(6784428, 151886, 1492045538, 1005, 1644, 1476, 2290, 54, 1, 0, 1, 58, NULL, NULL),
(6784428, 151888, 1492046446, 1005, 1644, 1822, 2290, 54, 1, 0, 1, 58, NULL, NULL),
(6784428, 151890, 1492047363, 1005, 1644, 1822, 2290, 54, 1, 0, 1, 58, NULL, NULL),
(6784428, 151898, 1492049277, 1916, 1644, 1164, 1733, 51, 1, 0, 1, 59, NULL, NULL),
(6784428, 151915, 1492050183, 1916, 1644, 1164, 1733, 51, 1, 1, 1, 60, NULL, NULL),
(6784428, 151920, 1492051090, 1916, 1644, 1164, 1733, 51, 1, 0, 1, 59, NULL, NULL),
(6784428, 151924, 1492052017, 1916, 1644, 1164, 1733, 51, 1, 0, 1, 60, NULL, NULL),
(6784428, 151926, 1492052925, 1916, 1644, 1164, 1733, 51, 1, 1, 1, 63, NULL, NULL),
(6784428, 151929, 1492053853, 1916, 1644, 1164, 1733, 51, 1, 0, 1, 60, NULL, NULL),
(6784428, 151931, 1492054759, 1916, 1644, 1164, 1733, 51, 1, 0, 1, 60, NULL, NULL),
(6784428, 151935, 1492055671, 1916, 1644, 1164, 1733, 51, 1, 1, 1, 60, NULL, NULL),
(6784428, 151940, 1492056573, 1916, 1644, 1164, 1733, 51, 1, 1, 1, 60, NULL, NULL),
(6784428, 151944, 1492057479, 1916, 1644, 1164, 1733, 51, 1, 1, 1, 60, NULL, NULL),
(6784428, 151948, 1492058387, 1916, 1644, 1164, 1733, 51, 1, 1, 1, 64, NULL, NULL),
(6784428, 151952, 1492059299, 1916, 1644, 1164, 1733, 51, 1, 0, 1, 59, NULL, NULL),
(6784428, 151954, 1492060225, 1916, 1644, 1164, 1733, 51, 1, 0, 1, 60, NULL, NULL),
(6784428, 151994, 1492095664, 1916, 1644, 1164, 1733, 51, 1, 0, 1, 60, NULL, NULL),
(6784428, 151996, 1492096994, 1916, 1644, 1164, 1733, 51, 1, 1, 1, 59, NULL, NULL),
(6784428, 151999, 1492097903, 1916, 1644, 1164, 1733, 51, 1, 0, 1, 67, NULL, NULL),
(6784428, 152003, 1492098813, 1916, 1644, 1164, 1733, 51, 1, 0, 1, 60, NULL, NULL),
(6784428, 152050, 1492114068, 1916, 1914, 1164, 1733, 52, 1, 0, 1, 72, 1, NULL),
(6784428, 152054, 1492115947, 1916, 1914, NULL, 1733, 52, 1, 1, 1, 72, 1, NULL),
(6784428, 152107, 1492130887, 1916, 1914, NULL, 1733, 52, 1, 0, 1, 69, 1, NULL),
(6784428, 152109, 1492131798, 1916, 1914, NULL, 1733, 52, 1, 1, 1, 32, 1, NULL),
(6784428, 152111, 1492132736, 1916, 1914, NULL, 1733, 52, 1, 1, 1, 71, 1, NULL),
(6784428, 152118, 1492134638, 1916, 1914, NULL, 1733, 52, 1, 0, 1, 68, 1, NULL),
(6784428, 152120, 1492135545, 1916, 1914, NULL, 1733, 52, 1, 1, 1, 71, 1, NULL),
(6784428, 152122, 1492136451, 1916, 1914, NULL, 1733, 52, 1, 1, 1, 68, 1, NULL),
(6784428, 152125, 1492137362, 1916, 1914, NULL, 1733, 52, 1, 1, 1, 32, 1, NULL),
(6784428, 152129, 1492138268, 1916, 1914, NULL, 1733, 52, 1, 1, 1, 69, 1, NULL),
(6784428, 152132, 1492139189, 1916, 1914, NULL, 1733, 52, 1, 0, 1, 68, 1, NULL),
(6784428, 152134, 1492140100, 1916, 1914, NULL, 1733, 52, 1, 0, 1, 72, 1, NULL),
(6784428, 152136, 1492141006, 1916, 1914, NULL, 1733, 52, 1, 0, 1, 32, 1, NULL),
(6784428, 152139, 1492141914, 1916, 1914, NULL, 1733, 52, 1, 1, 1, 72, 1, NULL),
(6784428, 152180, 1492186541, 1916, 1914, NULL, 1733, 52, 1, 1, 1, 32, 1, NULL),
(6784428, 152182, 1492187463, 1916, 1914, NULL, 1733, 52, 1, 1, 1, 69, 1, NULL),
(6784428, 152186, 1492188969, 609, 1644, NULL, 98, 33, 1, 1, 1, 70, NULL, NULL),
(6784428, 152187, 1492189951, 609, 1644, NULL, 98, 33, 1, 1, 1, 65, NULL, NULL),
(6784428, 152189, 1492190857, 609, 1644, NULL, 98, 33, 1, 1, 1, 65, NULL, NULL),
(6784428, 152190, 1492191795, 609, 1644, NULL, 98, 33, 1, 1, 1, 70, 2, NULL),
(6784428, 152193, 1492192731, 609, 1644, NULL, 98, 33, 1, 1, 1, 70, 2, NULL),
(6784428, 152199, 1492193635, 1916, 1914, NULL, 1733, 52, 1, 1, 1, 68, 1, NULL),
(6784428, 152201, 1492194541, 1916, 1914, NULL, 1733, 52, 1, 1, 1, 72, 1, NULL),
(6784428, 152202, 1492195444, 1916, 1914, NULL, 1733, 52, 1, 0, 1, 68, 1, NULL),
(6784428, 152206, 1492196348, 1916, 1914, NULL, 1733, 52, 1, 1, 1, 32, 1, NULL),
(6784428, 152210, 1492197274, 1916, 1914, NULL, 1733, 52, 1, 0, 1, 71, 1, NULL),
(6784428, 152215, 1492198275, 1916, 1914, NULL, 1733, 52, 1, 0, 1, 68, 1, NULL),
(6784428, 152223, 1492199189, 1916, 1914, NULL, 1733, 52, 1, 1, 1, 32, 1, NULL),
(6784428, 152224, 1492200093, 1916, 1914, NULL, 1733, 52, 1, 1, 1, 71, 1, NULL),
(6784428, 152226, 1492201023, 1916, 1914, NULL, 1733, 52, 1, 1, 1, 71, 1, NULL),
(6784428, 152228, 1492201935, 1916, 1914, NULL, 1733, 52, 1, 1, 1, 32, 1, NULL),
(6784428, 152231, 1492202868, 1916, 1914, NULL, 1733, 52, 1, 0, 1, 71, 1, NULL),
(6784428, 152234, 1492203776, 1916, 1914, NULL, 1733, 52, 1, 1, 1, 32, 1, NULL),
(6784428, 152238, 1492205596, 1916, 1914, NULL, 98, 52, 1, 1, 1, 59, 3, NULL),
(6784428, 152241, 1492206508, 1916, 1914, NULL, 98, 52, 1, 0, 1, 98, 3, NULL),
(6784428, 152249, 1492210397, 1916, 1914, NULL, 98, 52, 1, 0, 1, 69, 3, NULL),
(6784428, 152251, 1492211306, 1916, 1914, NULL, 98, 52, 1, 1, 1, 98, 3, NULL),
(6784428, 152254, 1492212212, 1916, 1914, NULL, 98, 52, 1, 0, 1, 104, 3, NULL),
(6784428, 152264, 1492214042, 1916, 1914, NULL, 1733, 52, 1, 0, 1, 71, 1, NULL),
(6784428, 152266, 1492215057, 1916, 1914, NULL, 1733, 52, 1, 1, 1, 59, 1, NULL),
(6784428, 152267, 1492216296, 1916, 1914, NULL, 1733, 52, 1, 1, 1, 71, 1, NULL),
(6784428, 152271, 1492217511, 1916, 1914, NULL, 1733, 52, 1, 1, 1, 71, 1, NULL),
(6784428, 152287, 1492218418, 1916, 1914, NULL, 1733, 52, 1, 0, 1, 72, 1, NULL),
(6784428, 152289, 1492219325, 1916, 1914, NULL, 1733, 52, 1, 1, 1, 72, 1, NULL),
(6784428, 152290, 1492220252, 1916, 1914, NULL, 1733, 52, 1, 1, 1, 72, 1, NULL),
(6784428, 152292, 1492221174, 1916, 1914, NULL, 1733, 52, 1, 1, 1, 71, 1, NULL),
(6784428, 152295, 1492222087, 1916, 1914, NULL, 1733, 52, 1, 1, 1, 72, 1, NULL),
(6784428, 152297, 1492223023, 1916, 1914, NULL, 1733, 52, 1, 0, 1, 72, 1, NULL),
(6784428, 152305, 1492226505, 1916, 1914, NULL, 1733, 52, 1, 1, 1, 71, 5, NULL),
(6784428, 152307, 1492227414, 1916, 1914, NULL, 1733, 52, 1, 1, 1, 32, 5, NULL),
(6784428, 152310, 1492228326, 1916, 1914, NULL, 1733, 52, 1, 0, 1, 59, 5, NULL),
(6784428, 152313, 1492229234, 1916, 1914, NULL, 1733, 52, 1, 1, 1, 32, 5, NULL),
(6784428, 152314, 1492230143, 1916, 1914, NULL, 1733, 52, 1, 1, 1, 71, 5, NULL),
(6784428, 152316, 1492231044, 1916, 1914, NULL, 1733, 52, 1, 1, 1, 71, 5, NULL),
(6784428, 152320, 1492232324, 1916, 1914, NULL, 1733, 52, 1, 1, 1, 68, 5, NULL),
(6784428, 152326, 1492234132, 1916, 1914, NULL, 98, 52, 1, 1, 1, 69, 3, NULL),
(6784428, 152327, 1492235044, 1916, 1914, NULL, 98, 52, 1, 1, 1, 104, 3, NULL),
(6784428, 152330, 1492235950, 1916, 1914, NULL, 98, 52, 1, 0, 0, NULL, 3, NULL),
(6784428, 152332, 1492236855, 1916, 1914, NULL, 98, 52, 1, 0, 1, 98, 3, NULL),
(6784428, 152352, 1492267090, 1916, 1914, NULL, 1733, 52, 1, 1, 1, 69, 5, NULL),
(6784428, 152361, 1492267992, 1916, 1914, NULL, 1733, 52, 1, 0, 1, 68, 5, NULL),
(6784428, 152363, 1492268894, 1916, 1914, NULL, 1733, 52, 1, 1, 1, 71, 5, NULL),
(6784428, 152370, 1492269814, 1916, 1914, NULL, 1733, 52, 1, 1, 1, 68, 5, NULL),
(6784428, 152375, 1492270715, 1916, 1914, NULL, 1733, 52, 1, 1, 1, 71, 5, NULL),
(6784428, 152379, 1492271655, 1916, 1914, NULL, 1733, 52, 1, 1, 1, 72, 5, NULL),
(6784428, 152382, 1492272557, 1916, 1914, NULL, 1733, 52, 1, 1, 1, 135, 5, NULL),
(6784428, 152385, 1492273519, 1916, 1914, NULL, 1733, 52, 1, 1, 1, 137, 5, NULL),
(6784428, 152389, 1492274418, 1916, 1914, NULL, 1733, 52, 1, 1, 1, 32, 5, NULL),
(6784428, 152391, 1492275343, 1916, 1914, NULL, 1733, 52, 1, 1, 1, 71, 5, NULL),
(6784428, 152393, 1492276274, 1916, 1914, NULL, 1733, 52, 1, 1, 1, 68, 5, NULL),
(6784428, 152395, 1492277205, 1916, 1914, NULL, 1733, 52, 1, 0, 0, NULL, 5, NULL),
(6784428, 152400, 1492278146, 1916, 1914, NULL, 1733, 52, 1, 1, 1, 68, 5, NULL),
(6784428, 152404, 1492279060, 1916, 1914, NULL, 1733, 52, 1, 0, 1, 137, 5, NULL),
(6784428, 152406, 1492279972, 1916, 1914, NULL, 1733, 52, 1, 1, 1, 68, 5, NULL),
(6784428, 152408, 1492280880, 1916, 1914, NULL, 1733, 52, 1, 1, 1, 68, 5, NULL),
(6784428, 152411, 1492281786, 1916, 1914, NULL, 1733, 52, 1, 1, 1, 68, 5, NULL),
(6784428, 152415, 1492282697, 1916, 1914, NULL, 1733, 52, 1, 1, 1, 135, 5, NULL),
(6784428, 152419, 1492283621, 1916, 1914, NULL, 1733, 52, 1, 1, 1, 71, 5, NULL),
(6784428, 152421, 1492284527, 1916, 1914, NULL, 1733, 52, 1, 1, 1, 71, 5, NULL),
(6784428, 152430, 1492286338, 1916, 1914, NULL, 1733, 52, 1, 1, 1, 32, 1, NULL),
(6784428, 152431, 1492287256, 1916, 1914, NULL, 1733, 52, 1, 0, 1, 72, 1, NULL),
(6784428, 152435, 1492288175, 1916, 1914, NULL, 1733, 52, 1, 1, 1, 32, 1, NULL),
(6784428, 152437, 1492289080, 1916, 1914, NULL, 1733, 52, 1, 0, 1, 71, 1, NULL),
(6784428, 152441, 1492289986, 1916, 1914, NULL, 1733, 52, 1, 1, 1, 32, 1, NULL),
(6784428, 152442, 1492290901, 1916, 1914, NULL, 1733, 52, 1, 1, 1, 32, 1, NULL),
(6784428, 152443, 1492291830, 1916, 1914, NULL, 1733, 52, 1, 1, 1, 71, 1, NULL),
(6784428, 152446, 1492292756, 1916, 1914, NULL, 1733, 52, 1, 1, 1, 32, 1, NULL),
(6784428, 152447, 1492293658, 1916, 1914, NULL, 1733, 52, 1, 1, 1, 71, 1, NULL),
(6784428, 152449, 1492294564, 1916, 1914, NULL, 1733, 52, 1, 0, 1, 72, 1, NULL),
(6784428, 152451, 1492295479, 1916, 1914, NULL, 1733, 52, 1, 0, 1, 68, 1, NULL),
(6784428, 152456, 1492296433, 1916, 1914, NULL, 1733, 52, 1, 0, 0, NULL, 7, NULL),
(6784428, 152457, 1492297354, 1916, 1914, NULL, 1733, 52, 1, 1, 1, 59, 7, NULL),
(6784428, 152458, 1492298288, 1916, 1914, NULL, 1733, 52, 1, 1, 1, 141, 7, NULL),
(6784428, 152460, 1492299243, 1916, 1914, NULL, 1733, 52, 1, 1, 1, 59, 7, NULL),
(6784428, 152462, 1492300812, 1916, 1914, NULL, 1733, 52, 1, 1, 1, 71, 7, NULL),
(6784428, 152465, 1492301738, 1916, 1914, NULL, 1733, 52, 1, 0, 1, 72, 7, NULL),
(6784428, 152469, 1492302689, 1916, 1914, NULL, 1733, 52, 1, 1, 1, 59, 7, NULL),
(6784428, 152476, 1492304549, 1916, 1914, NULL, 1733, 52, 1, 1, 1, 71, 7, NULL),
(6784428, 152486, 1492307593, 1916, 1644, NULL, 98, 52, 1, 0, 1, 104, 7, NULL),
(6784428, 152505, 1492310409, 1916, 1644, NULL, 98, 52, 1, 1, 1, 135, 7, NULL),
(6784428, 152516, 1492313879, 1916, 1644, NULL, 98, 52, 1, 1, 1, 68, 7, NULL),
(6784428, 152520, 1492315359, 1916, 1644, NULL, 98, 52, 1, 1, 1, 68, 7, NULL),
(6784428, 152522, 1492316290, 1916, 1644, NULL, 98, 52, 1, 1, 1, 141, 7, NULL),
(6784428, 152524, 1492317198, 1916, 1644, NULL, 98, 52, 1, 0, 1, 141, 7, NULL),
(6784428, 152532, 1492319253, 1916, 1644, NULL, 98, 51, 1, 1, 1, 155, 8, NULL),
(6784428, 152535, 1492320166, 1005, 1644, NULL, 79, 11, 1, 1, 1, 156, NULL, NULL),
(6784428, 152536, 1492321144, 1005, 1644, NULL, 79, 11, 1, 1, 1, 156, NULL, NULL),
(6784428, 152538, 1492322061, 1005, 1644, NULL, 79, 11, 1, 1, 1, 116, NULL, NULL),
(6784428, 152539, 1492322970, 1005, 1644, NULL, 79, 11, 1, 1, 1, 158, NULL, NULL),
(6784428, 152541, 1492323881, 1005, 1644, NULL, 79, 11, 1, 1, 1, 156, NULL, NULL),
(6784428, 152561, 1492353233, 1916, 1644, NULL, 111, 1, 1, 1, 1, 171, NULL, NULL),
(6784428, 152563, 1492354144, 1916, 1644, NULL, 111, 1, 1, 1, 1, 171, NULL, NULL),
(6784428, 152564, 1492355054, 1916, 1644, NULL, 111, 1, 1, 1, 1, 162, NULL, NULL),
(6784428, 152565, 1492355996, 1916, 1644, NULL, 111, 1, 1, 1, 1, 116, NULL, NULL),
(6784428, 152566, 1492356910, 1916, 1644, NULL, 111, 1, 1, 1, 1, 171, NULL, NULL),
(6784428, 152568, 1492357892, 1916, 1644, NULL, 111, 1, 1, 0, 1, 161, NULL, NULL),
(6784428, 152569, 1492358797, 1916, 1644, NULL, 111, 1, 1, 0, 1, 161, NULL, NULL),
(6784428, 152570, 1492359707, 1916, 1644, NULL, 111, 1, 1, 1, 1, 161, NULL, NULL),
(6784428, 152572, 1492360615, 1916, 1644, NULL, 111, 1, 1, 1, 1, 171, NULL, NULL),
(6784428, 152574, 1492361540, 1916, 1644, NULL, 111, 1, 1, 1, 1, 116, NULL, NULL),
(6784428, 152576, 1492363824, 1916, 1644, NULL, 111, 1, 1, 1, 1, 171, NULL, NULL),
(6784428, 152578, 1492364757, 1916, 1644, NULL, 111, 1, 1, 1, 1, 176, NULL, NULL),
(6784428, 152581, 1492368168, 1916, 1644, NULL, 111, 1, 1, 1, 1, 116, NULL, NULL),
(6784428, 152584, 1492370250, 1916, 1644, NULL, 111, 1, 1, 1, 1, 171, NULL, NULL),
(6784428, 152588, 1492373100, 1916, 1644, NULL, 111, 1, 1, 1, 1, 178, NULL, NULL),
(6784428, 152591, 1492375008, 1916, 1644, NULL, 111, 1, 1, 1, 1, 116, NULL, NULL),
(6784428, 152594, 1492376915, 1916, 1644, NULL, 111, 1, 1, 0, 0, NULL, NULL, NULL),
(6784428, 152597, 1492378956, 1916, 1644, NULL, 111, 1, 1, 0, 1, 171, NULL, NULL),
(6784428, 152599, 1492379859, 1916, 1644, NULL, 111, 1, 1, 1, 1, 171, NULL, NULL),
(6784428, 152600, 1492380761, 1916, 1644, NULL, 111, 1, 1, 1, 1, 165, NULL, NULL),
(6784428, 152602, 1492381913, 1916, 1644, NULL, 111, 1, 1, 1, 1, 116, NULL, NULL),
(6784428, 152604, 1492382980, 1916, 1644, NULL, 111, 1, 1, 0, 1, 171, NULL, '1.6'),
(6784428, 152606, 1492383886, 1916, 1644, NULL, 111, 1, 1, 0, 1, 116, NULL, '1.6'),
(6784428, 152607, 1492384811, 1916, 1644, NULL, 111, 1, 1, 0, 1, 171, NULL, '1.6'),
(6784428, 152608, 1492385725, 1916, 1644, NULL, 111, 1, 1, 1, 1, 161, NULL, '1.6'),
(6784428, 152610, 1492386959, 1916, 1644, NULL, 111, 1, 1, 1, 1, 165, NULL, '1.6'),
(6784428, 152627, 1492388119, 1916, 1644, NULL, 111, 1, 1, 1, 1, 164, NULL, '1.6'),
(6784428, 152629, 1492389023, 1916, 1644, NULL, 111, 1, 1, 1, 1, 171, NULL, '1.6'),
(6784428, 152631, 1492390186, 1916, 1644, NULL, 111, 1, 1, 1, 1, 178, NULL, '1.6'),
(6784428, 152632, 1492391095, 1916, 1644, NULL, 111, 1, 1, 1, 1, 116, NULL, '1.6'),
(6784428, 152633, 1492392005, 1916, 1644, NULL, 111, 1, 1, 1, 1, 161, NULL, '1.6'),
(6784428, 152636, 1492392926, 1916, 1644, NULL, 111, 1, 1, 1, 1, 178, NULL, '1.6'),
(6784428, 152638, 1492393853, 1916, 1644, NULL, 111, 1, 1, 0, 0, NULL, NULL, '1.6'),
(6784428, 152639, 1492394768, 1916, 1644, NULL, 111, 1, 1, 1, 1, 166, NULL, '1.6'),
(6784428, 152644, 1492395765, 1548, 1644, NULL, 2100, 53, 1, 1, 1, 186, NULL, '1.6'),
(6784428, 152647, 1492396682, 2095, 1644, NULL, 2101, 53, 1, 1, 1, 187, NULL, '1.6'),
(6784428, 152654, 1492397976, 1515, 1644, NULL, 1340, 16, 1, 1, 1, 125, NULL, '1.6'),
(6784428, 152657, 1492398881, 1515, 1644, NULL, 1340, 16, 1, 1, 1, 125, NULL, '1.6'),
(6784428, 152659, 1492399787, 1515, 1644, NULL, 1340, 16, 1, 1, 1, 188, NULL, '1.6'),
(6784428, 152664, 1492400692, 1833, 1644, NULL, 101, 27, 1, 1, 1, 190, NULL, '1.6'),
(6784428, 152666, 1492401634, 1833, 1644, NULL, 101, 27, 1, 0, 1, 192, NULL, '1.6'),
(6784428, 152668, 1492402549, 1833, 1644, NULL, 101, 27, 1, 1, 1, 194, NULL, '1.6'),
(6784428, 152669, 1492403496, 1833, 1644, NULL, 101, 27, 1, 1, 1, 194, NULL, '1.6'),
(6784428, 152689, 1492427512, 1515, 1644, NULL, 121, 17, 1, 1, 1, 210, NULL, '1.6'),
(6784428, 152691, 1492428419, 1515, 1644, NULL, 121, 17, 1, 1, 1, 42, NULL, '1.6'),
(6784428, 152693, 1492429336, 1515, 1644, NULL, 121, 17, 1, 1, 1, 151, NULL, '1.6'),
(6784428, 152700, 1492431423, 1515, 1644, NULL, 121, 17, 1, 1, 1, 183, NULL, '1.6'),
(6784428, 152708, 1492433236, 1515, 1644, NULL, 98, 13, 1, 1, 1, 34, NULL, '1.6'),
(6784428, 152711, 1492434158, 1515, 1644, NULL, 98, 13, 1, 1, 1, 38, NULL, '1.6'),
(6784428, 152716, 1492435153, 1515, 1644, NULL, 98, 13, 1, 1, 1, 173, NULL, '1.6'),
(6784428, 152719, 1492436215, 1515, 1644, NULL, 98, 13, 1, 1, 1, 170, NULL, '1.6'),
(6784428, 152724, 1492437142, 1515, 1644, NULL, 98, 13, 1, 1, 1, 212, NULL, '1.6'),
(6784428, 152728, 1492438606, 1515, 1644, NULL, 1529, 30, 1, 1, 1, 36, NULL, '1.6'),
(6784428, 152731, 1492439513, 1515, 1644, NULL, 114, 18, 1, 1, 1, 214, NULL, '1.6'),
(6784428, 152735, 1492440466, 1515, 1644, NULL, 114, 18, 1, 1, 1, 38, NULL, '1.6'),
(6784428, 152742, 1492441425, 1916, 1644, NULL, 118, 2, 1, 1, 1, 113, 14, '1.6'),
(6784428, 152744, 1492442419, 1916, 1644, NULL, 118, 2, 1, 1, 1, 117, 14, '1.6'),
(6784428, 152754, 1492445237, 1916, 1644, NULL, 114, 18, 1, 1, 1, 127, NULL, '1.6'),
(6784428, 152758, 1492448515, 1916, 1644, NULL, 114, 18, 1, 1, 1, 216, NULL, '1.6'),
(6784428, 152760, 1492451023, 1916, 1644, NULL, 114, 18, 1, 1, 1, 216, NULL, '1.6'),
(6784428, 152764, 1492453395, 1916, 1644, NULL, 114, 18, 1, 1, 1, 127, NULL, '1.6'),
(6784428, 152766, 1492454401, 1916, 1644, NULL, 114, 18, 1, 1, 1, 7, NULL, '1.6'),
(6784428, 152770, 1492455315, 1916, 1644, NULL, 114, 18, 1, 1, 1, 7, NULL, '1.6'),
(6784428, 152783, 1492456241, 1916, 1644, NULL, 114, 18, 1, 1, 1, 9, NULL, '1.6'),
(6784428, 152785, 1492457150, 1916, 1644, NULL, 114, 18, 1, 1, 1, 216, NULL, '1.6'),
(6784428, 152787, 1492458053, 1916, 1644, NULL, 114, 18, 1, 1, 1, 39, NULL, '1.6'),
(6784428, 152794, 1492459884, 1515, 1644, NULL, 1814, 26, 1, 1, 1, 138, NULL, '1.6'),
(6784428, 152796, 1492460810, 1515, 1644, NULL, 1814, 26, 1, 1, 1, 219, NULL, '1.6'),
(6784428, 152798, 1492461736, 1515, 1644, NULL, 1814, 26, 1, 1, 1, 219, NULL, '1.6'),
(6784428, 152807, 1492462666, 1515, 1644, NULL, 1814, 26, 1, 1, 1, 138, NULL, '1.6'),
(6784428, 152822, 1492474854, 1515, 1644, NULL, 1814, 26, 1, 1, 1, 45, NULL, '1.6'),
(6784428, 152845, 1492477623, 1515, 1644, NULL, 1814, 26, 1, 1, 1, 221, NULL, '1.6'),
(6784428, 152849, 1492478542, 1515, 1644, NULL, 1814, 26, 1, 1, 1, 221, NULL, '1.6'),
(6784428, 152850, 1492479468, 1515, 1644, NULL, 1814, 26, 1, 1, 1, 221, NULL, '1.6'),
(6784428, 152852, 1492480385, 1515, 1644, NULL, 1814, 26, 1, 1, 1, 221, NULL, '1.6'),
(6784428, 152853, 1492481396, 1515, 1644, NULL, 1814, 26, 1, 1, 1, 221, NULL, '1.6'),
(6784428, 152854, 1492482331, 1515, 1644, NULL, 1814, 26, 1, 1, 1, 151, NULL, '1.6'),
(6784428, 152855, 1492483235, 1515, 1644, NULL, 1814, 26, 1, 1, 1, 159, NULL, '1.6'),
(6784428, 152859, 1492484628, 1515, 1644, NULL, 1814, 26, 1, 1, 1, 45, NULL, '1.6'),
(6784428, 152860, 1492485544, 1515, 1644, NULL, 1814, 26, 1, 1, 1, 151, NULL, '1.6'),
(6784428, 152861, 1492486564, 1515, 1644, NULL, 1814, 26, 1, 1, 1, 138, NULL, '1.6'),
(6784428, 152864, 1492491038, 1515, 1644, NULL, 1814, 26, 1, 1, 1, 153, NULL, '1.6'),
(6784428, 152865, 1492491978, 1515, 1644, NULL, 1814, 26, 1, 1, 1, 159, NULL, '1.6'),
(6784428, 152866, 1492492883, 1515, 1644, NULL, 1814, 26, 1, 0, 1, 159, NULL, '1.6'),
(6784428, 152868, 1492493797, 1515, 1644, NULL, 1814, 26, 1, 1, 1, 153, NULL, '1.6'),
(6784428, 152870, 1492494853, 1515, 1644, NULL, 114, 26, 1, 1, 1, 139, NULL, '1.6'),
(6784428, 152875, 1492495776, 1515, 1644, NULL, 114, 26, 1, 1, 1, 151, NULL, '1.6'),
(6784428, 152878, 1492497770, 1515, 1644, NULL, 114, 26, 1, 1, 1, 134, NULL, '1.6'),
(6784428, 152881, 1492498673, 1515, 1644, NULL, 114, 26, 1, 1, 1, 134, NULL, '1.6'),
(6784428, 152882, 1492499615, 1515, 1644, NULL, 114, 26, 1, 1, 1, 139, NULL, '1.6'),
(6784428, 152899, 1492531402, 1515, 1644, NULL, 114, 26, 1, 1, 1, 138, NULL, '1.6'),
(6784428, 152902, 1492533552, 1515, 1644, NULL, 114, 26, 1, 1, 1, 149, NULL, '1.6'),
(6784428, 152904, 1492534458, 1515, 1644, NULL, 114, 26, 1, 1, 1, 142, NULL, '1.6'),
(6784428, 152908, 1492535443, 1515, 1644, NULL, 1008, 35, 1, 1, 1, 229, 16, '1.6'),
(6784428, 152909, 1492536383, 1515, 1644, NULL, 1008, 35, 1, 1, 1, 229, 16, '1.6'),
(6784428, 152911, 1492537464, 1515, 1644, NULL, 1008, 35, 1, 1, 1, 230, NULL, '1.6'),
(6784428, 152916, 1492538368, 1515, 1644, NULL, 1010, 35, 1, 1, 1, 239, NULL, '1.6'),
(6784428, 152917, 1492539979, 1515, 1644, NULL, 1010, 35, 1, 1, 1, 239, NULL, '1.6'),
(6784428, 152918, 1492540978, 1515, 1644, NULL, 1010, 35, 1, 0, 1, 240, NULL, '1.6'),
(6784428, 152920, 1492541924, 1515, 1644, NULL, 1010, 35, 1, 1, 1, 239, NULL, '1.6'),
(6784428, 152921, 1492542833, 1515, 1644, NULL, 1010, 35, 1, 0, 1, 242, 15, '1.6'),
(6784428, 152922, 1492543804, 1515, 1644, NULL, 1010, 35, 1, 1, 1, 240, NULL, '1.6'),
(6784428, 152924, 1492544773, 1515, 1644, NULL, 1010, 35, 1, 1, 1, 239, NULL, '1.6'),
(6784428, 152925, 1492545788, 1515, 1644, NULL, 1010, 35, 1, 1, 1, 240, NULL, '1.6'),
(6784428, 152926, 1492546809, 1515, 1644, NULL, 1010, 35, 1, 0, 1, 240, NULL, '1.6'),
(6784428, 152927, 1492547710, 1515, 1644, NULL, 1010, 35, 1, 0, 1, 242, 15, '1.6'),
(6784428, 152930, 1492548641, 1515, 1644, NULL, 1010, 35, 1, 0, 1, 242, 15, '1.6'),
(6784428, 152952, 1492563762, 1515, 1644, NULL, 114, 26, 1, 1, 1, 138, NULL, '1.6'),
(6784428, 152967, 1492566157, 1515, 1644, NULL, 114, 26, 1, 1, 1, 179, NULL, '1.6'),
(6784428, 152976, 1492567083, 1515, 1644, NULL, 114, 26, 1, 1, 1, 134, NULL, '1.6'),
(6784428, 152977, 1492567994, 1515, 1644, NULL, 114, 26, 1, 1, 1, 177, NULL, '1.6'),
(6784428, 152980, 1492568903, 1515, 1644, NULL, 114, 26, 1, 1, 1, 42, NULL, '1.6'),
(6784428, 152981, 1492569815, 1515, 1644, NULL, 114, 26, 1, 1, 1, 138, NULL, '1.6'),
(6784428, 152983, 1492570988, 1515, 1644, NULL, 114, 26, 1, 1, 1, 219, NULL, '1.6'),
(6784428, 152984, 1492572012, 1515, 1644, NULL, 114, 26, 1, 1, 1, 42, NULL, '1.6'),
(6784428, 152985, 1492572922, 1515, 1644, NULL, 114, 26, 1, 1, 1, 221, NULL, '1.6'),
(6784428, 152987, 1492573830, 1515, 1644, NULL, 114, 26, 1, 1, 1, 134, NULL, '1.6'),
(6784428, 152988, 1492574742, 1515, 1644, NULL, 114, 26, 1, 1, 1, 142, NULL, '1.6'),
(6784428, 152989, 1492575649, 1515, 1644, NULL, 114, 26, 1, 1, 1, 153, NULL, '1.6'),
(6784428, 152992, 1492576554, 1515, 1644, NULL, 114, 26, 1, 1, 1, 142, NULL, '1.6'),
(6784428, 153008, 1492604984, 1515, 1644, NULL, 114, 26, 1, 1, 1, 149, NULL, '1.6'),
(6784428, 153018, 1492610190, 1515, 1644, NULL, 114, 26, 1, 1, 1, 12, NULL, '1.6'),
(6784428, 153021, 1492612208, 1515, 1644, NULL, 1340, 45, 1, 0, 1, 255, NULL, '1.6'),
(6784428, 153023, 1492613418, 1515, 1644, NULL, 1340, 45, 1, 1, 1, 255, NULL, '1.6'),
(6784428, 153025, 1492615840, 1515, 1644, NULL, 1340, 45, 1, 1, 1, 259, NULL, '1.6'),
(6784428, 153034, 1492623080, 1515, 1644, NULL, 1340, 45, 1, 0, 1, 264, NULL, '1.6'),
(6784428, 153040, 1492625812, 1515, 1644, NULL, 1340, 45, 1, 0, 1, 265, NULL, '1.6'),
(6784428, 153041, 1492626715, 1515, 1644, NULL, 1340, 45, 1, 1, 1, 265, NULL, '1.6'),
(6784428, 153048, 1492628317, 2095, 1644, NULL, 1424, 48, 1, 1, 1, 266, NULL, '1.6'),
(6784428, 153050, 1492629222, 2095, 1644, NULL, 1426, 48, 1, 1, 1, 267, NULL, '1.6'),
(6784428, 153054, 1492630133, 1515, 1644, NULL, 114, 26, 1, 1, 1, 219, NULL, '1.7'),
(6784428, 153057, 1492631942, 1515, 1644, NULL, 114, 26, 1, 1, 1, 268, NULL, '1.7'),
(6784428, 153059, 1492632857, 1515, 1644, NULL, 114, 26, 1, 1, 1, 221, NULL, '1.7'),
(6784428, 153060, 1492633807, 1515, 1644, NULL, 114, 26, 1, 1, 1, 45, NULL, '1.7'),
(6784428, 153067, 1492640867, 1515, 1644, NULL, 114, 26, 1, 1, 1, 179, NULL, '1.7'),
(6784428, 153079, 1492649740, 1515, 1644, NULL, 114, 26, 1, 1, 1, 139, NULL, '1.8'),
(6784428, 153093, 1492650679, 1515, 1644, NULL, 114, 26, 1, 0, 1, 159, NULL, '1.8'),
(6784428, 153097, 1492651591, 1515, 1644, NULL, 114, 26, 1, 1, 1, 268, NULL, '1.8'),
(6784428, 153098, 1492652500, 1515, 1644, NULL, 114, 26, 1, 1, 1, 153, NULL, '1.8'),
(6784428, 153100, 1492653409, 1515, 1644, NULL, 114, 26, 1, 1, 1, 138, NULL, '1.8'),
(6784428, 153101, 1492654317, 1515, 1644, NULL, 114, 26, 1, 1, 1, 138, NULL, '1.8'),
(6784428, 153102, 1492655222, 1515, 1644, NULL, 114, 26, 1, 1, 1, 149, NULL, '1.8'),
(6784428, 153105, 1492657156, 1515, 1644, NULL, 114, 26, 1, 1, 1, 139, NULL, '1.8'),
(6784428, 153113, 1492658069, 1515, 1644, NULL, 114, 26, 1, 1, 1, 139, NULL, '1.8'),
(6784428, 153114, 1492658980, 1515, 1644, NULL, 114, 26, 1, 1, 1, 139, NULL, '1.8'),
(6784428, 153115, 1492659890, 1515, 1644, NULL, 114, 26, 1, 1, 1, 159, NULL, '1.8'),
(6784428, 153135, 1492689665, 1515, 1644, NULL, 114, 26, 1, 1, 1, 45, NULL, '1.8'),
(6784428, 153136, 1492690576, 1515, 1644, NULL, 114, 26, 1, 1, 1, 221, NULL, '1.8'),
(6784428, 153137, 1492691517, 1515, 1644, NULL, 114, 26, 1, 1, 1, 177, NULL, '1.8'),
(6784428, 153139, 1492693294, 1515, 1644, NULL, 114, 26, 1, 1, 1, 149, NULL, '1.8'),
(6784428, 153140, 1492694200, 1515, 1644, NULL, 114, 26, 1, 1, 1, 177, NULL, '1.8'),
(6784428, 153141, 1492695105, 1515, 1644, NULL, 114, 26, 1, 1, 1, 138, NULL, '1.8'),
(6784428, 153143, 1492696021, 1515, 1644, NULL, 114, 26, 1, 1, 1, 140, NULL, '1.8'),
(6784428, 153144, 1492696934, 1515, 1644, NULL, 114, 26, 1, 1, 1, 12, NULL, '1.8'),
(6784428, 153146, 1492697841, 1515, 1644, NULL, 114, 26, 1, 1, 1, 138, NULL, '1.8'),
(6784428, 153147, 1492698798, 1515, 1644, NULL, 114, 26, 1, 1, 1, 139, NULL, '1.8'),
(6784428, 153149, 1492699748, 1515, 1644, NULL, 114, 26, 1, 1, 1, 45, NULL, '1.8'),
(6784428, 153150, 1492700683, 1515, 1644, NULL, 114, 26, 1, 1, 1, 153, NULL, '1.8'),
(6784428, 153151, 1492701594, 1515, 1644, NULL, 80, 26, 1, 1, 1, 142, NULL, '1.8'),
(6784428, 153152, 1492702513, 1515, 1644, NULL, 80, 26, 1, 1, 1, 12, NULL, '1.8'),
(6784428, 153154, 1492703424, 1515, 1644, NULL, 80, 26, 1, 1, 1, 138, NULL, '1.8'),
(6784428, 153155, 1492704328, 1515, 1644, NULL, 80, 26, 1, 0, 0, NULL, NULL, '1.8'),
(6784428, 153157, 1492705255, 1515, 1644, NULL, 80, 26, 1, 1, 1, 179, NULL, '1.8'),
(6784428, 153158, 1492706171, 1515, 1644, NULL, 80, 26, 1, 1, 1, 159, NULL, '1.8'),
(6784428, 153161, 1492707277, 1515, 1644, NULL, 80, 26, 1, 1, 1, 139, NULL, '1.8'),
(6784428, 153165, 1492709101, 1515, 1644, NULL, 80, 26, 1, 1, 1, 12, NULL, '1.8'),
(6784428, 153168, 1492710912, 1515, 1644, NULL, 80, 26, 1, 0, 0, NULL, NULL, '1.8'),
(6784428, 153169, 1492711828, 1515, 1644, NULL, 80, 26, 1, 1, 1, 12, NULL, '1.8'),
(6784428, 153170, 1492712762, 1515, 1644, NULL, 80, 26, 1, 1, 1, 138, NULL, '1.8'),
(6784428, 153171, 1492713766, 1515, 1644, NULL, 80, 26, 1, 1, 1, 159, NULL, '1.8'),
(6784428, 153175, 1492714669, 1916, 1644, NULL, 119, 14, 1, 1, 1, 28, NULL, '1.8');

-- --------------------------------------------------------

--
-- Table structure for table `locations`
--

CREATE TABLE `locations` (
  `id` int(10) UNSIGNED NOT NULL,
  `name` varchar(255) COLLATE utf8_unicode_ci NOT NULL
) ENGINE=InnoDB DEFAULT CHARSET=utf8 COLLATE=utf8_unicode_ci;

--
-- Dumping data for table `locations`
--

INSERT INTO `locations` (`id`, `name`) VALUES
(1, 'Acolyte Realm'),
(2, 'Balack\'s Cove'),
(5, 'Cape Clawed'),
(7, 'Derr Dunes'),
(8, 'Dojo'),
(9, 'Dracano'),
(11, 'Forbidden Grove'),
(12, 'Great Gnarled Tree'),
(13, 'Harbour'),
(14, 'Jungle of Dread'),
(15, 'King\'s Gauntlet'),
(16, 'Laboratory'),
(17, 'Lagoon'),
(18, 'Meadow'),
(19, 'Meditation Room'),
(20, 'Mountain'),
(21, 'Mousoleum'),
(22, 'Nerg Plains'),
(23, 'Pinnacle Chamber'),
(26, 'S.S. Huntington III'),
(27, 'Town of Digby'),
(30, 'Windmill'),
(32, 'Zugzwang\'s Tower'),
(33, 'Fiery Warpath'),
(34, 'Muridae Market'),
(35, 'Living Garden'),
(36, 'Crystal Library'),
(38, 'King\'s Arms'),
(40, 'Iceberg'),
(41, 'Cursed City'),
(42, 'Sand Crypts'),
(44, 'Gnawnian Express Station'),
(45, 'Toxic Spill'),
(48, 'Burroughs Rift'),
(49, 'Whisker Woods Rift'),
(50, 'Fungal Cavern'),
(51, 'Zokor'),
(52, 'Labyrinth'),
(53, 'Furoma Rift'),
(54, 'Fort Rox');

-- --------------------------------------------------------

--
-- Table structure for table `mice`
--

CREATE TABLE `mice` (
  `id` int(10) UNSIGNED NOT NULL,
  `name` varchar(255) COLLATE utf8_unicode_ci NOT NULL
) ENGINE=InnoDB DEFAULT CHARSET=utf8 COLLATE=utf8_unicode_ci;

--
-- Dumping data for table `mice`
--

INSERT INTO `mice` (`id`, `name`) VALUES
(165, 'Acolyte'),
(207, 'Alchemist'),
(35, 'Alpha Weremouse'),
(124, 'Angry Train Staff'),
(225, 'Arcane Summoner'),
(18, 'Armored Archer'),
(68, 'Ash Golem'),
(201, 'Assassin'),
(266, 'Automated Sentry'),
(135, 'Automated Stone Sentry'),
(224, 'Balack the Banished'),
(256, 'Barmy Gunner'),
(90, 'Berserker'),
(244, 'Big Bad Burroughs'),
(173, 'Bilged Boatswain'),
(263, 'Biohazard'),
(273, 'Bionic'),
(133, 'Black Widow'),
(223, 'Blacksmith'),
(179, 'Bottled'),
(12, 'Briegull'),
(214, 'Brown'),
(45, 'Buccaneer'),
(277, 'Burglar'),
(212, 'Cabin Boy'),
(240, 'Camofusion'),
(221, 'Captain'),
(36, 'Captain Croissant'),
(106, 'Caravan Guard'),
(14, 'Carefree Cook'),
(230, 'Carmine the Apothecary'),
(189, 'Chitinous'),
(99, 'Chocolate Gold Foil'),
(24, 'Chocolate Overload'),
(166, 'Chrono'),
(22, 'Coco Commander'),
(140, 'Cook'),
(194, 'Core Sample'),
(72, 'Corridor Bruiser'),
(82, 'Corrupt'),
(170, 'Corrupt Commodore'),
(74, 'Crimson Commander'),
(248, 'Crimson Ranger'),
(182, 'Crimson Titan'),
(222, 'Crimson Watch'),
(268, 'Crown Collector'),
(4, 'Crystal Behemoth'),
(2, 'Crystal Lurker'),
(3, 'Crystal Observer'),
(1, 'Crystal Queen'),
(78, 'Cursed Enchanter'),
(80, 'Cursed Engineer'),
(81, 'Cursed Librarian'),
(47, 'Cursed Taskmaster'),
(79, 'Cursed Thief'),
(180, 'Cyclops'),
(278, 'Dashing Buccaneer'),
(54, 'Dawn Guardian'),
(167, 'Decrepit Tentacle Terror'),
(175, 'Deep'),
(208, 'Defender'),
(245, 'Demolitions'),
(217, 'Derr Chieftain'),
(115, 'Derr Lich'),
(252, 'Desert Archer'),
(105, 'Desert Architect'),
(70, 'Desert Soldier'),
(9, 'Diamond'),
(228, 'Dojo Sensei'),
(198, 'Draconic Warden'),
(197, 'Dragon'),
(30, 'Dumpling Delivery'),
(276, 'Dwarf'),
(184, 'Eagle Owl'),
(83, 'Effervescent'),
(17, 'Egg Painter'),
(23, 'Egg Scrambler'),
(21, 'Eggscavator'),
(19, 'Eggsplosive Scientist'),
(144, 'Eggsquisite Entertainer'),
(117, 'Elub Lich'),
(113, 'Enslaved Spirit'),
(77, 'Essence Guardian'),
(155, 'Exo-Tech'),
(181, 'Fairy'),
(191, 'Fetid Swamp'),
(216, 'Field'),
(89, 'Fiend'),
(76, 'Flame Archer'),
(75, 'Flame Warrior'),
(7, 'Flying'),
(272, 'Fog'),
(168, 'Frostlance Guard'),
(174, 'Frostwing Commander'),
(257, 'Frozen'),
(128, 'Fuel'),
(94, 'Fungal Frog'),
(239, 'Fungal Spore'),
(141, 'Fungal Technomorph'),
(66, 'Gargantuamouse'),
(120, 'Gargoyle'),
(164, 'Gate Guardian'),
(158, 'Ghost'),
(199, 'Gladiator'),
(226, 'Glass Blower'),
(210, 'Goblin'),
(260, 'Gold'),
(116, 'Golem'),
(178, 'Gorgon'),
(187, 'Grand Master of the Dojo'),
(206, 'Grandfather'),
(127, 'Granite'),
(280, 'Grey'),
(203, 'Grunt'),
(200, 'Guardian'),
(112, 'Hardboiled'),
(20, 'Hare Razer'),
(183, 'Harpy'),
(132, 'Healer'),
(58, 'Heart of the Meteor'),
(63, 'Hired Eidolon'),
(151, 'Hydra'),
(40, 'Hypnotized Gunslinger'),
(169, 'Icewing'),
(254, 'Industrious Digger'),
(250, 'Infiltrator'),
(192, 'Itty-Bitty Burroughs'),
(193, 'Jurassic'),
(92, 'Karmachameleon'),
(237, 'King Grub'),
(97, 'Knight'),
(218, 'Lambent Crystal'),
(159, 'Leviathan'),
(161, 'Lich'),
(37, 'Lightning Rod'),
(103, 'Limestone Miner'),
(172, 'Living Salt'),
(69, 'Lost'),
(32, 'Lost Legionnaire'),
(109, 'Lumberjack'),
(275, 'Lycan'),
(160, 'M400'),
(107, 'Mage Weaver'),
(195, 'Magma Carrier'),
(220, 'Magmarage'),
(73, 'Masked Pikeman'),
(119, 'Master of the Cheese Belt'),
(96, 'Master of the Dojo'),
(64, 'Matron of Wealth'),
(152, 'Medicine'),
(219, 'Mermouse'),
(43, 'Meteorite Golem'),
(46, 'Meteorite Mystic'),
(10, 'Meteorite Snacker'),
(136, 'Mintaka'),
(5, 'Mischievous Meteorite Miner'),
(27, 'Mischievous Wereminer'),
(60, 'Molten Midas'),
(188, 'Monster'),
(55, 'Monster of the Meteor'),
(157, 'Monstrous Black Widow'),
(93, 'Mossy Moosker'),
(98, 'Mush Monster'),
(265, 'Mutant Mongrel'),
(270, 'Mutant Ninja'),
(163, 'Mutated Grey'),
(57, 'Mystic Bishop'),
(52, 'Mystic Knight'),
(51, 'Mystic Pawn'),
(251, 'Mystic Queen'),
(62, 'Mystic Rook'),
(227, 'Nerg Chieftain'),
(114, 'Nerg Lich'),
(177, 'Nibbler'),
(232, 'Night Shift Materials Manager'),
(49, 'Night Watcher'),
(48, 'Nightfire'),
(26, 'Nightmancer'),
(261, 'Ninja'),
(147, 'Nomadic Warrior'),
(16, 'Onion Chopper'),
(88, 'Page'),
(100, 'Pan Slammer'),
(121, 'Passenger'),
(154, 'Pathfinder'),
(258, 'Pebble'),
(87, 'Phalanx'),
(142, 'Pinchy'),
(138, 'Pirate'),
(271, 'Plague Hag'),
(204, 'Pocketwatch'),
(196, 'Primal'),
(8, 'Pugilist'),
(123, 'Ravenous Zombie'),
(91, 'Realm Ripper'),
(59, 'Reanimated Carver'),
(146, 'Red-Eyed Watcher Owl'),
(211, 'Renegade'),
(41, 'Reveling Lycanthrope'),
(150, 'Rift Tiger'),
(28, 'Riptide'),
(267, 'Robat'),
(243, 'Rock Muncher'),
(71, 'RR-8'),
(139, 'Salt Water Snapper'),
(110, 'Sand Cavalry'),
(235, 'Sand Colossus'),
(247, 'Sandwing Cavalry'),
(233, 'Sarcophamouse'),
(234, 'Scarab'),
(253, 'Scavenger'),
(274, 'Scrap Metal Monster'),
(202, 'Scribe'),
(236, 'Serpentine'),
(104, 'Shadow Stalker'),
(242, 'Shattered Carmine'),
(29, 'Shinobi'),
(149, 'Shipwrecked'),
(229, 'Shroom'),
(185, 'Silth'),
(279, 'Silvertail'),
(102, 'Sinister Egg Painter'),
(134, 'Siren'),
(209, 'Slayer'),
(264, 'Slimefist'),
(162, 'Sorcerer'),
(171, 'Spectre'),
(131, 'Spellbinder'),
(231, 'Spice Merchant'),
(156, 'Spider'),
(148, 'Spirit Fox'),
(95, 'Spirit of Balance'),
(11, 'Spotted'),
(153, 'Squeaken'),
(38, 'Steel'),
(190, 'Stone Cutter'),
(246, 'Subterranean'),
(126, 'Supply Hoarder'),
(186, 'Supreme Sensei'),
(86, 'Swarm of Pygmy Mice'),
(137, 'Tech Golem'),
(50, 'Technic Bishop'),
(53, 'Technic Knight'),
(44, 'Technic Pawn'),
(61, 'Technic Queen'),
(56, 'Technic Rook'),
(262, 'Tentacle'),
(259, 'The Menace'),
(6, 'Theurgy Warden'),
(39, 'Tiny'),
(84, 'Tome Sprite'),
(255, 'Toxic Warrior'),
(215, 'Trailblazer'),
(130, 'Train Conductor'),
(129, 'Train Engineer'),
(269, 'Travelling Barber'),
(67, 'Treasure Brawler'),
(145, 'Tree Troll'),
(241, 'Twisted Fiend'),
(249, 'Vampire'),
(65, 'Vanguard'),
(85, 'Walker'),
(122, 'Warehouse Manager'),
(42, 'Water Nymph'),
(33, 'Wealthy Werewarrior'),
(15, 'Werehauler'),
(238, 'Wereminer'),
(34, 'White'),
(176, 'Wight'),
(143, 'Winged Harpy'),
(213, 'Wordsmith'),
(125, 'Zombie'),
(205, 'Zurreal the Eternal');

-- --------------------------------------------------------

--
-- Table structure for table `stages`
--

CREATE TABLE `stages` (
  `id` int(10) UNSIGNED NOT NULL,
  `name` varchar(255) COLLATE utf8_unicode_ci NOT NULL
) ENGINE=InnoDB DEFAULT CHARSET=utf8 COLLATE=utf8_unicode_ci;

--
-- Dumping data for table `stages`
--

INSERT INTO `stages` (`id`, `name`) VALUES
(7, 'Epic Tech Hallway'),
(11, 'Hidden Depths'),
(10, 'Icewing\'s Lair'),
(4, 'Low Tide'),
(14, 'Med Tide'),
(16, 'Not pouring'),
(3, 'Plain Farming Hallway'),
(1, 'Plain Tech Hallway'),
(15, 'Pouring'),
(5, 'Superior Tech Hallway'),
(12, 'The Deep Lair'),
(9, 'The Lair of the Minotaur'),
(8, 'The Tech Manaforge'),
(2, 'Wave 1'),
(6, 'Wave 2'),
(13, 'Wave 3');

-- --------------------------------------------------------

--
-- Table structure for table `traps`
--

CREATE TABLE `traps` (
  `id` int(10) UNSIGNED NOT NULL,
  `name` varchar(255) COLLATE utf8_unicode_ci NOT NULL
) ENGINE=InnoDB DEFAULT CHARSET=utf8 COLLATE=utf8_unicode_ci;

--
-- Dumping data for table `traps`
--

INSERT INTO `traps` (`id`, `name`) VALUES
(56, 'Ice Maiden'),
(354, 'Mystic Pawn Pincher'),
(356, 'Technic Pawn Pincher'),
(369, 'Blackstone Pass'),
(532, 'Sandstorm MonstroBot'),
(608, 'Dimensional Chest'),
(609, 'Sandtail Sentinel'),
(676, 'Zurreal\'s Folly'),
(895, 'Steam Laser Mk. III'),
(1004, 'Clockwork Portal'),
(1005, 'Grand Arcanum'),
(1176, 'S.L.A.C. II'),
(1285, 'Glacier Gatler'),
(1423, 'Crystal Tower'),
(1515, 'School of Sharks'),
(1548, 'Focused Crystal Laser'),
(1549, 'Multi-Crystal Laser'),
(1813, 'Warden Slayer'),
(1833, 'Chrome Sphynx Wrath'),
(1916, 'Endless Labyrinth'),
(1918, 'Infinite Labyrinth'),
(2049, 'Bubbles: The Party Crasher'),
(2095, 'Mysteriously unYielding Null-Onyx Rampart of Cascading Amperes'),
(2134, 'Biomolecular Re-atomizer'),
(2135, 'Chrome Arcane Capturing Rod Of Never Yielding Mystery'),
(2137, 'Law Laser'),
(2224, 'Droid Archmagus'),
(2225, 'Interdimensional Crossbow'),
(2246, 'Festive Forgotten Fir'),
(2247, 'Holiday Hydro Hailstone'),
(2261, 'New Horizon'),
(2299, 'Meteor Prison Core');

--
-- Indexes for dumped tables
--

--
-- Indexes for table `bases`
--
ALTER TABLE `bases`
  ADD PRIMARY KEY (`id`);

--
-- Indexes for table `charms`
--
ALTER TABLE `charms`
  ADD PRIMARY KEY (`id`);

--
-- Indexes for table `cheese`
--
ALTER TABLE `cheese`
  ADD PRIMARY KEY (`id`);

--
-- Indexes for table `hunts`
--
ALTER TABLE `hunts`
  ADD PRIMARY KEY (`user_id`,`entry_id`,`timestamp`);

--
-- Indexes for table `locations`
--
ALTER TABLE `locations`
  ADD PRIMARY KEY (`id`);

--
-- Indexes for table `mice`
--
ALTER TABLE `mice`
  ADD PRIMARY KEY (`id`),
  ADD UNIQUE KEY `name` (`name`);

--
-- Indexes for table `stages`
--
ALTER TABLE `stages`
  ADD PRIMARY KEY (`id`),
  ADD UNIQUE KEY `name_unique` (`name`);

--
-- Indexes for table `traps`
--
ALTER TABLE `traps`
  ADD PRIMARY KEY (`id`);

--
-- AUTO_INCREMENT for dumped tables
--

--
-- AUTO_INCREMENT for table `mice`
--
ALTER TABLE `mice`
  MODIFY `id` int(10) UNSIGNED NOT NULL AUTO_INCREMENT, AUTO_INCREMENT=281;
--
-- AUTO_INCREMENT for table `stages`
--
ALTER TABLE `stages`
  MODIFY `id` int(10) UNSIGNED NOT NULL AUTO_INCREMENT, AUTO_INCREMENT=17;
/*!40101 SET CHARACTER_SET_CLIENT=@OLD_CHARACTER_SET_CLIENT */;
/*!40101 SET CHARACTER_SET_RESULTS=@OLD_CHARACTER_SET_RESULTS */;
/*!40101 SET COLLATION_CONNECTION=@OLD_COLLATION_CONNECTION */;
